ID,duration,wav,wav_format,wav_opts

noise-free-sound-0000,17.65875,./processed_data/RIRS_NOISES/pointsource_noises/noise-free-sound-0000.wav,wav,
noise-free-sound-0001,40.5365,./processed_data/RIRS_NOISES/pointsource_noises/noise-free-sound-0001.wav,wav,
noise-free-sound-0002,71.2175,./processed_data/RIRS_NOISES/pointsource_noises/noise-free-sound-0002.wav,wav,
noise-free-sound-0003,14.2358125,./processed_data/RIRS_NOISES/pointsource_noises/noise-free-sound-0003.wav,wav,
noise-free-sound-0004,2.9865,./processed_data/RIRS_NOISES/pointsource_noises/noise-free-sound-0004.wav,wav,
noise-free-sound-0005,21.1853125,./processed_data/RIRS_NOISES/pointsource_noises/noise-free-sound-0005.wav,wav,
noise-free-sound-0006,7.7701875,./processed_data/RIRS_NOISES/pointsource_noises/noise-free-sound-0006.wav,wav,
noise-free-sound-0007,16.613875,./processed_data/RIRS_NOISES/pointsource_noises/noise-free-sound-0007.wav,wav,
noise-free-sound-0008,20.8050625,./processed_data/RIRS_NOISES/pointsource_noises/noise-free-sound-0008.wav,wav,
noise-free-sound-0009,8.3866875,./processed_data/RIRS_NOISES/pointsource_noises/noise-free-sound-0009.wav,wav,
noise-free-sound-0010,8.2415625,./processed_data/RIRS_NOISES/pointsource_noises/noise-free-sound-0010.wav,wav,
noise-free-sound-0011,34.8501875,./processed_data/RIRS_NOISES/pointsource_noises/noise-free-sound-0011.wav,wav,
noise-free-sound-0012,32.15625,./processed_data/RIRS_NOISES/pointsource_noises/noise-free-sound-0012.wav,wav,
noise-free-sound-0013,1.5445,./processed_data/RIRS_NOISES/pointsource_noises/noise-free-sound-0013.wav,wav,
noise-free-sound-0014,3.4159375,./processed_data/RIRS_NOISES/pointsource_noises/noise-free-sound-0014.wav,wav,
noise-free-sound-0015,91.244875,./processed_data/RIRS_NOISES/pointsource_noises/noise-free-sound-0015.wav,wav,
noise-free-sound-0016,4.0,./processed_data/RIRS_NOISES/pointsource_noises/noise-free-sound-0016.wav,wav,
noise-free-sound-0017,7.8773125,./processed_data/RIRS_NOISES/pointsource_noises/noise-free-sound-0017.wav,wav,
noise-free-sound-0018,14.5763125,./processed_data/RIRS_NOISES/pointsource_noises/noise-free-sound-0018.wav,wav,
noise-free-sound-0019,11.55775,./processed_data/RIRS_NOISES/pointsource_noises/noise-free-sound-0019.wav,wav,
noise-free-sound-0020,60.18575,./processed_data/RIRS_NOISES/pointsource_noises/noise-free-sound-0020.wav,wav,
noise-free-sound-0021,18.0453125,./processed_data/RIRS_NOISES/pointsource_noises/noise-free-sound-0021.wav,wav,
noise-free-sound-0022,24.832,./processed_data/RIRS_NOISES/pointsource_noises/noise-free-sound-0022.wav,wav,
noise-free-sound-0023,11.24,./processed_data/RIRS_NOISES/pointsource_noises/noise-free-sound-0023.wav,wav,
noise-free-sound-0024,19.7790625,./processed_data/RIRS_NOISES/pointsource_noises/noise-free-sound-0024.wav,wav,
noise-free-sound-0025,2.3466875,./processed_data/RIRS_NOISES/pointsource_noises/noise-free-sound-0025.wav,wav,
noise-free-sound-0026,3.7973125,./processed_data/RIRS_NOISES/pointsource_noises/noise-free-sound-0026.wav,wav,
noise-free-sound-0027,23.04,./processed_data/RIRS_NOISES/pointsource_noises/noise-free-sound-0027.wav,wav,
noise-free-sound-0028,19.6179375,./processed_data/RIRS_NOISES/pointsource_noises/noise-free-sound-0028.wav,wav,
noise-free-sound-0029,8.90775,./processed_data/RIRS_NOISES/pointsource_noises/noise-free-sound-0029.wav,wav,
noise-free-sound-0030,73.01225,./processed_data/RIRS_NOISES/pointsource_noises/noise-free-sound-0030.wav,wav,
noise-free-sound-0031,35.4743125,./processed_data/RIRS_NOISES/pointsource_noises/noise-free-sound-0031.wav,wav,
noise-free-sound-0032,61.42,./processed_data/RIRS_NOISES/pointsource_noises/noise-free-sound-0032.wav,wav,
noise-free-sound-0033,5.5263125,./processed_data/RIRS_NOISES/pointsource_noises/noise-free-sound-0033.wav,wav,
noise-free-sound-0034,20.689,./processed_data/RIRS_NOISES/pointsource_noises/noise-free-sound-0034.wav,wav,
noise-free-sound-0035,31.9333125,./processed_data/RIRS_NOISES/pointsource_noises/noise-free-sound-0035.wav,wav,
noise-free-sound-0036,4.57,./processed_data/RIRS_NOISES/pointsource_noises/noise-free-sound-0036.wav,wav,
noise-free-sound-0037,0.94,./processed_data/RIRS_NOISES/pointsource_noises/noise-free-sound-0037.wav,wav,
noise-free-sound-0038,0.9133125,./processed_data/RIRS_NOISES/pointsource_noises/noise-free-sound-0038.wav,wav,
noise-free-sound-0039,3.4466875,./processed_data/RIRS_NOISES/pointsource_noises/noise-free-sound-0039.wav,wav,
noise-free-sound-0040,16.73,./processed_data/RIRS_NOISES/pointsource_noises/noise-free-sound-0040.wav,wav,
noise-free-sound-0041,57.782875,./processed_data/RIRS_NOISES/pointsource_noises/noise-free-sound-0041.wav,wav,
noise-free-sound-0042,319.5559375,./processed_data/RIRS_NOISES/pointsource_noises/noise-free-sound-0042.wav,wav,
noise-free-sound-0043,1.5325,./processed_data/RIRS_NOISES/pointsource_noises/noise-free-sound-0043.wav,wav,
noise-free-sound-0044,4.5975625,./processed_data/RIRS_NOISES/pointsource_noises/noise-free-sound-0044.wav,wav,
noise-free-sound-0045,4.644,./processed_data/RIRS_NOISES/pointsource_noises/noise-free-sound-0045.wav,wav,
noise-free-sound-0046,4.62075,./processed_data/RIRS_NOISES/pointsource_noises/noise-free-sound-0046.wav,wav,
noise-free-sound-0047,5.2966875,./processed_data/RIRS_NOISES/pointsource_noises/noise-free-sound-0047.wav,wav,
noise-free-sound-0048,494.6599375,./processed_data/RIRS_NOISES/pointsource_noises/noise-free-sound-0048.wav,wav,
noise-free-sound-0049,3.4666875,./processed_data/RIRS_NOISES/pointsource_noises/noise-free-sound-0049.wav,wav,
noise-free-sound-0050,4.133125,./processed_data/RIRS_NOISES/pointsource_noises/noise-free-sound-0050.wav,wav,
noise-free-sound-0051,6.52,./processed_data/RIRS_NOISES/pointsource_noises/noise-free-sound-0051.wav,wav,
noise-free-sound-0052,5.6641875,./processed_data/RIRS_NOISES/pointsource_noises/noise-free-sound-0052.wav,wav,
noise-free-sound-0053,5.2719375,./processed_data/RIRS_NOISES/pointsource_noises/noise-free-sound-0053.wav,wav,
noise-free-sound-0054,10.053375,./processed_data/RIRS_NOISES/pointsource_noises/noise-free-sound-0054.wav,wav,
noise-free-sound-0055,40.09775,./processed_data/RIRS_NOISES/pointsource_noises/noise-free-sound-0055.wav,wav,
noise-free-sound-0056,9.74275,./processed_data/RIRS_NOISES/pointsource_noises/noise-free-sound-0056.wav,wav,
noise-free-sound-0057,8.1304375,./processed_data/RIRS_NOISES/pointsource_noises/noise-free-sound-0057.wav,wav,
noise-free-sound-0058,2.0,./processed_data/RIRS_NOISES/pointsource_noises/noise-free-sound-0058.wav,wav,
noise-free-sound-0059,30.4428125,./processed_data/RIRS_NOISES/pointsource_noises/noise-free-sound-0059.wav,wav,
noise-free-sound-0060,1.044875,./processed_data/RIRS_NOISES/pointsource_noises/noise-free-sound-0060.wav,wav,
noise-free-sound-0061,11.0498125,./processed_data/RIRS_NOISES/pointsource_noises/noise-free-sound-0061.wav,wav,
noise-free-sound-0062,6.0666875,./processed_data/RIRS_NOISES/pointsource_noises/noise-free-sound-0062.wav,wav,
noise-free-sound-0063,6.2666875,./processed_data/RIRS_NOISES/pointsource_noises/noise-free-sound-0063.wav,wav,
noise-free-sound-0064,100.1333125,./processed_data/RIRS_NOISES/pointsource_noises/noise-free-sound-0064.wav,wav,
noise-free-sound-0065,6.9753125,./processed_data/RIRS_NOISES/pointsource_noises/noise-free-sound-0065.wav,wav,
noise-free-sound-0066,60.9436875,./processed_data/RIRS_NOISES/pointsource_noises/noise-free-sound-0066.wav,wav,
noise-free-sound-0067,39.889,./processed_data/RIRS_NOISES/pointsource_noises/noise-free-sound-0067.wav,wav,
noise-free-sound-0068,20.075,./processed_data/RIRS_NOISES/pointsource_noises/noise-free-sound-0068.wav,wav,
noise-free-sound-0069,2.5714375,./processed_data/RIRS_NOISES/pointsource_noises/noise-free-sound-0069.wav,wav,
noise-free-sound-0070,17.98025,./processed_data/RIRS_NOISES/pointsource_noises/noise-free-sound-0070.wav,wav,
noise-free-sound-0071,9.3919375,./processed_data/RIRS_NOISES/pointsource_noises/noise-free-sound-0071.wav,wav,
noise-free-sound-0072,26.6225625,./processed_data/RIRS_NOISES/pointsource_noises/noise-free-sound-0072.wav,wav,
noise-free-sound-0073,124.5685625,./processed_data/RIRS_NOISES/pointsource_noises/noise-free-sound-0073.wav,wav,
noise-free-sound-0074,17.24,./processed_data/RIRS_NOISES/pointsource_noises/noise-free-sound-0074.wav,wav,
noise-free-sound-0075,20.31125,./processed_data/RIRS_NOISES/pointsource_noises/noise-free-sound-0075.wav,wav,
noise-free-sound-0076,80.0,./processed_data/RIRS_NOISES/pointsource_noises/noise-free-sound-0076.wav,wav,
noise-free-sound-0077,11.7233125,./processed_data/RIRS_NOISES/pointsource_noises/noise-free-sound-0077.wav,wav,
noise-free-sound-0078,10.370625,./processed_data/RIRS_NOISES/pointsource_noises/noise-free-sound-0078.wav,wav,
noise-free-sound-0079,6.0005625,./processed_data/RIRS_NOISES/pointsource_noises/noise-free-sound-0079.wav,wav,
noise-free-sound-0080,30.374625,./processed_data/RIRS_NOISES/pointsource_noises/noise-free-sound-0080.wav,wav,
noise-free-sound-0081,21.5824375,./processed_data/RIRS_NOISES/pointsource_noises/noise-free-sound-0081.wav,wav,
noise-free-sound-0082,20.20375,./processed_data/RIRS_NOISES/pointsource_noises/noise-free-sound-0082.wav,wav,
noise-free-sound-0083,0.59125,./processed_data/RIRS_NOISES/pointsource_noises/noise-free-sound-0083.wav,wav,
noise-free-sound-0084,19.4194375,./processed_data/RIRS_NOISES/pointsource_noises/noise-free-sound-0084.wav,wav,
noise-free-sound-0085,4.671375,./processed_data/RIRS_NOISES/pointsource_noises/noise-free-sound-0085.wav,wav,
noise-free-sound-0086,51.685,./processed_data/RIRS_NOISES/pointsource_noises/noise-free-sound-0086.wav,wav,
noise-free-sound-0087,2.8,./processed_data/RIRS_NOISES/pointsource_noises/noise-free-sound-0087.wav,wav,
noise-free-sound-0088,44.8666875,./processed_data/RIRS_NOISES/pointsource_noises/noise-free-sound-0088.wav,wav,
noise-free-sound-0089,13.871,./processed_data/RIRS_NOISES/pointsource_noises/noise-free-sound-0089.wav,wav,
noise-free-sound-0090,5.8441875,./processed_data/RIRS_NOISES/pointsource_noises/noise-free-sound-0090.wav,wav,
noise-free-sound-0091,5.062125,./processed_data/RIRS_NOISES/pointsource_noises/noise-free-sound-0091.wav,wav,
noise-free-sound-0092,15.079625,./processed_data/RIRS_NOISES/pointsource_noises/noise-free-sound-0092.wav,wav,
noise-free-sound-0093,5.317375,./processed_data/RIRS_NOISES/pointsource_noises/noise-free-sound-0093.wav,wav,
noise-free-sound-0094,5.5898125,./processed_data/RIRS_NOISES/pointsource_noises/noise-free-sound-0094.wav,wav,
noise-free-sound-0095,4.068375,./processed_data/RIRS_NOISES/pointsource_noises/noise-free-sound-0095.wav,wav,
noise-free-sound-0096,7.7841875,./processed_data/RIRS_NOISES/pointsource_noises/noise-free-sound-0096.wav,wav,
noise-free-sound-0097,2.7369375,./processed_data/RIRS_NOISES/pointsource_noises/noise-free-sound-0097.wav,wav,
noise-free-sound-0098,2.766,./processed_data/RIRS_NOISES/pointsource_noises/noise-free-sound-0098.wav,wav,
noise-free-sound-0099,7.4946875,./processed_data/RIRS_NOISES/pointsource_noises/noise-free-sound-0099.wav,wav,
noise-free-sound-0100,7.323125,./processed_data/RIRS_NOISES/pointsource_noises/noise-free-sound-0100.wav,wav,
noise-free-sound-0101,112.90125,./processed_data/RIRS_NOISES/pointsource_noises/noise-free-sound-0101.wav,wav,
noise-free-sound-0102,143.62125,./processed_data/RIRS_NOISES/pointsource_noises/noise-free-sound-0102.wav,wav,
noise-free-sound-0103,5.2381875,./processed_data/RIRS_NOISES/pointsource_noises/noise-free-sound-0103.wav,wav,
noise-free-sound-0104,15.888,./processed_data/RIRS_NOISES/pointsource_noises/noise-free-sound-0104.wav,wav,
noise-free-sound-0105,306.4163125,./processed_data/RIRS_NOISES/pointsource_noises/noise-free-sound-0105.wav,wav,
noise-free-sound-0106,153.952,./processed_data/RIRS_NOISES/pointsource_noises/noise-free-sound-0106.wav,wav,
noise-free-sound-0107,11.766,./processed_data/RIRS_NOISES/pointsource_noises/noise-free-sound-0107.wav,wav,
noise-free-sound-0108,19.3963125,./processed_data/RIRS_NOISES/pointsource_noises/noise-free-sound-0108.wav,wav,
noise-free-sound-0109,37.101875,./processed_data/RIRS_NOISES/pointsource_noises/noise-free-sound-0109.wav,wav,
noise-free-sound-0110,40.8931875,./processed_data/RIRS_NOISES/pointsource_noises/noise-free-sound-0110.wav,wav,
noise-free-sound-0111,16.4451875,./processed_data/RIRS_NOISES/pointsource_noises/noise-free-sound-0111.wav,wav,
noise-free-sound-0112,1.0144375,./processed_data/RIRS_NOISES/pointsource_noises/noise-free-sound-0112.wav,wav,
noise-free-sound-0113,5.8461875,./processed_data/RIRS_NOISES/pointsource_noises/noise-free-sound-0113.wav,wav,
noise-free-sound-0114,99.9298125,./processed_data/RIRS_NOISES/pointsource_noises/noise-free-sound-0114.wav,wav,
noise-free-sound-0115,2.577125,./processed_data/RIRS_NOISES/pointsource_noises/noise-free-sound-0115.wav,wav,
noise-free-sound-0116,8.82075,./processed_data/RIRS_NOISES/pointsource_noises/noise-free-sound-0116.wav,wav,
noise-free-sound-0117,33.6573125,./processed_data/RIRS_NOISES/pointsource_noises/noise-free-sound-0117.wav,wav,
noise-free-sound-0118,17.41,./processed_data/RIRS_NOISES/pointsource_noises/noise-free-sound-0118.wav,wav,
noise-free-sound-0119,70.728,./processed_data/RIRS_NOISES/pointsource_noises/noise-free-sound-0119.wav,wav,
noise-free-sound-0120,18.4344375,./processed_data/RIRS_NOISES/pointsource_noises/noise-free-sound-0120.wav,wav,
noise-free-sound-0121,44.0,./processed_data/RIRS_NOISES/pointsource_noises/noise-free-sound-0121.wav,wav,
noise-free-sound-0122,8.0,./processed_data/RIRS_NOISES/pointsource_noises/noise-free-sound-0122.wav,wav,
noise-free-sound-0123,7.5,./processed_data/RIRS_NOISES/pointsource_noises/noise-free-sound-0123.wav,wav,
noise-free-sound-0124,5.0,./processed_data/RIRS_NOISES/pointsource_noises/noise-free-sound-0124.wav,wav,
noise-free-sound-0125,1.125,./processed_data/RIRS_NOISES/pointsource_noises/noise-free-sound-0125.wav,wav,
noise-free-sound-0126,19.7823125,./processed_data/RIRS_NOISES/pointsource_noises/noise-free-sound-0126.wav,wav,
noise-free-sound-0127,2.448,./processed_data/RIRS_NOISES/pointsource_noises/noise-free-sound-0127.wav,wav,
noise-free-sound-0128,4.056,./processed_data/RIRS_NOISES/pointsource_noises/noise-free-sound-0128.wav,wav,
noise-free-sound-0129,8.2939375,./processed_data/RIRS_NOISES/pointsource_noises/noise-free-sound-0129.wav,wav,
noise-free-sound-0130,38.8701875,./processed_data/RIRS_NOISES/pointsource_noises/noise-free-sound-0130.wav,wav,
noise-free-sound-0131,55.597375,./processed_data/RIRS_NOISES/pointsource_noises/noise-free-sound-0131.wav,wav,
noise-free-sound-0132,0.7158125,./processed_data/RIRS_NOISES/pointsource_noises/noise-free-sound-0132.wav,wav,
noise-free-sound-0133,0.5209375,./processed_data/RIRS_NOISES/pointsource_noises/noise-free-sound-0133.wav,wav,
noise-free-sound-0134,2.513375,./processed_data/RIRS_NOISES/pointsource_noises/noise-free-sound-0134.wav,wav,
noise-free-sound-0135,3.0045625,./processed_data/RIRS_NOISES/pointsource_noises/noise-free-sound-0135.wav,wav,
noise-free-sound-0136,0.625,./processed_data/RIRS_NOISES/pointsource_noises/noise-free-sound-0136.wav,wav,
noise-free-sound-0137,113.25,./processed_data/RIRS_NOISES/pointsource_noises/noise-free-sound-0137.wav,wav,
noise-free-sound-0138,3.25,./processed_data/RIRS_NOISES/pointsource_noises/noise-free-sound-0138.wav,wav,
noise-free-sound-0139,15.5146875,./processed_data/RIRS_NOISES/pointsource_noises/noise-free-sound-0139.wav,wav,
noise-free-sound-0140,24.77475,./processed_data/RIRS_NOISES/pointsource_noises/noise-free-sound-0140.wav,wav,
noise-free-sound-0141,135.0720625,./processed_data/RIRS_NOISES/pointsource_noises/noise-free-sound-0141.wav,wav,
noise-free-sound-0142,38.99975,./processed_data/RIRS_NOISES/pointsource_noises/noise-free-sound-0142.wav,wav,
noise-free-sound-0143,13.0430625,./processed_data/RIRS_NOISES/pointsource_noises/noise-free-sound-0143.wav,wav,
noise-free-sound-0144,25.54775,./processed_data/RIRS_NOISES/pointsource_noises/noise-free-sound-0144.wav,wav,
noise-free-sound-0145,2.9121875,./processed_data/RIRS_NOISES/pointsource_noises/noise-free-sound-0145.wav,wav,
noise-free-sound-0146,2.0775,./processed_data/RIRS_NOISES/pointsource_noises/noise-free-sound-0146.wav,wav,
noise-free-sound-0147,8.6333125,./processed_data/RIRS_NOISES/pointsource_noises/noise-free-sound-0147.wav,wav,
noise-free-sound-0148,2.214875,./processed_data/RIRS_NOISES/pointsource_noises/noise-free-sound-0148.wav,wav,
noise-free-sound-0149,1.7618125,./processed_data/RIRS_NOISES/pointsource_noises/noise-free-sound-0149.wav,wav,
noise-free-sound-0150,0.4504375,./processed_data/RIRS_NOISES/pointsource_noises/noise-free-sound-0150.wav,wav,
noise-free-sound-0151,53.76,./processed_data/RIRS_NOISES/pointsource_noises/noise-free-sound-0151.wav,wav,
noise-free-sound-0152,97.156,./processed_data/RIRS_NOISES/pointsource_noises/noise-free-sound-0152.wav,wav,
noise-free-sound-0153,72.1493125,./processed_data/RIRS_NOISES/pointsource_noises/noise-free-sound-0153.wav,wav,
noise-free-sound-0154,62.464,./processed_data/RIRS_NOISES/pointsource_noises/noise-free-sound-0154.wav,wav,
noise-free-sound-0155,72.6613125,./processed_data/RIRS_NOISES/pointsource_noises/noise-free-sound-0155.wav,wav,
noise-free-sound-0156,90.197375,./processed_data/RIRS_NOISES/pointsource_noises/noise-free-sound-0156.wav,wav,
noise-free-sound-0157,3.0933125,./processed_data/RIRS_NOISES/pointsource_noises/noise-free-sound-0157.wav,wav,
noise-free-sound-0158,64.884,./processed_data/RIRS_NOISES/pointsource_noises/noise-free-sound-0158.wav,wav,
noise-free-sound-0159,5.216,./processed_data/RIRS_NOISES/pointsource_noises/noise-free-sound-0159.wav,wav,
noise-free-sound-0160,34.325375,./processed_data/RIRS_NOISES/pointsource_noises/noise-free-sound-0160.wav,wav,
noise-free-sound-0161,76.476,./processed_data/RIRS_NOISES/pointsource_noises/noise-free-sound-0161.wav,wav,
noise-free-sound-0162,14.9333125,./processed_data/RIRS_NOISES/pointsource_noises/noise-free-sound-0162.wav,wav,
noise-free-sound-0163,0.3626875,./processed_data/RIRS_NOISES/pointsource_noises/noise-free-sound-0163.wav,wav,
noise-free-sound-0164,24.96,./processed_data/RIRS_NOISES/pointsource_noises/noise-free-sound-0164.wav,wav,
noise-free-sound-0165,33.837375,./processed_data/RIRS_NOISES/pointsource_noises/noise-free-sound-0165.wav,wav,
noise-free-sound-0166,0.768,./processed_data/RIRS_NOISES/pointsource_noises/noise-free-sound-0166.wav,wav,
noise-free-sound-0167,2.005375,./processed_data/RIRS_NOISES/pointsource_noises/noise-free-sound-0167.wav,wav,
noise-free-sound-0168,1.344,./processed_data/RIRS_NOISES/pointsource_noises/noise-free-sound-0168.wav,wav,
noise-free-sound-0169,2.304,./processed_data/RIRS_NOISES/pointsource_noises/noise-free-sound-0169.wav,wav,
noise-free-sound-0170,5.2906875,./processed_data/RIRS_NOISES/pointsource_noises/noise-free-sound-0170.wav,wav,
noise-free-sound-0171,4.6293125,./processed_data/RIRS_NOISES/pointsource_noises/noise-free-sound-0171.wav,wav,
noise-free-sound-0172,49.5543125,./processed_data/RIRS_NOISES/pointsource_noises/noise-free-sound-0172.wav,wav,
noise-free-sound-0173,106.802,./processed_data/RIRS_NOISES/pointsource_noises/noise-free-sound-0173.wav,wav,
noise-free-sound-0174,9.109125,./processed_data/RIRS_NOISES/pointsource_noises/noise-free-sound-0174.wav,wav,
noise-free-sound-0175,4.7188125,./processed_data/RIRS_NOISES/pointsource_noises/noise-free-sound-0175.wav,wav,
noise-free-sound-0176,2.9843125,./processed_data/RIRS_NOISES/pointsource_noises/noise-free-sound-0176.wav,wav,
noise-free-sound-0177,106.737875,./processed_data/RIRS_NOISES/pointsource_noises/noise-free-sound-0177.wav,wav,
noise-free-sound-0178,4.884625,./processed_data/RIRS_NOISES/pointsource_noises/noise-free-sound-0178.wav,wav,
noise-free-sound-0179,2.813,./processed_data/RIRS_NOISES/pointsource_noises/noise-free-sound-0179.wav,wav,
noise-free-sound-0180,15.5155,./processed_data/RIRS_NOISES/pointsource_noises/noise-free-sound-0180.wav,wav,
noise-free-sound-0181,4.7964375,./processed_data/RIRS_NOISES/pointsource_noises/noise-free-sound-0181.wav,wav,
noise-free-sound-0182,2.25225,./processed_data/RIRS_NOISES/pointsource_noises/noise-free-sound-0182.wav,wav,
noise-free-sound-0183,8.0914375,./processed_data/RIRS_NOISES/pointsource_noises/noise-free-sound-0183.wav,wav,
noise-free-sound-0184,32.407375,./processed_data/RIRS_NOISES/pointsource_noises/noise-free-sound-0184.wav,wav,
noise-free-sound-0185,2.6693125,./processed_data/RIRS_NOISES/pointsource_noises/noise-free-sound-0185.wav,wav,
noise-free-sound-0186,2.8361875,./processed_data/RIRS_NOISES/pointsource_noises/noise-free-sound-0186.wav,wav,
noise-free-sound-0187,6.4230625,./processed_data/RIRS_NOISES/pointsource_noises/noise-free-sound-0187.wav,wav,
noise-free-sound-0188,9.5511875,./processed_data/RIRS_NOISES/pointsource_noises/noise-free-sound-0188.wav,wav,
noise-free-sound-0189,6.8401875,./processed_data/RIRS_NOISES/pointsource_noises/noise-free-sound-0189.wav,wav,
noise-free-sound-0190,6.131125,./processed_data/RIRS_NOISES/pointsource_noises/noise-free-sound-0190.wav,wav,
noise-free-sound-0191,3.9623125,./processed_data/RIRS_NOISES/pointsource_noises/noise-free-sound-0191.wav,wav,
noise-free-sound-0192,6.6733125,./processed_data/RIRS_NOISES/pointsource_noises/noise-free-sound-0192.wav,wav,
noise-free-sound-0193,4.004,./processed_data/RIRS_NOISES/pointsource_noises/noise-free-sound-0193.wav,wav,
noise-free-sound-0194,7.882875,./processed_data/RIRS_NOISES/pointsource_noises/noise-free-sound-0194.wav,wav,
noise-free-sound-0195,4.2959375,./processed_data/RIRS_NOISES/pointsource_noises/noise-free-sound-0195.wav,wav,
noise-free-sound-0196,3.628625,./processed_data/RIRS_NOISES/pointsource_noises/noise-free-sound-0196.wav,wav,
noise-free-sound-0197,10.5939375,./processed_data/RIRS_NOISES/pointsource_noises/noise-free-sound-0197.wav,wav,
noise-free-sound-0198,9.134125,./processed_data/RIRS_NOISES/pointsource_noises/noise-free-sound-0198.wav,wav,
noise-free-sound-0199,6.25625,./processed_data/RIRS_NOISES/pointsource_noises/noise-free-sound-0199.wav,wav,
noise-free-sound-0200,8.75875,./processed_data/RIRS_NOISES/pointsource_noises/noise-free-sound-0200.wav,wav,
noise-free-sound-0201,7.0486875,./processed_data/RIRS_NOISES/pointsource_noises/noise-free-sound-0201.wav,wav,
noise-free-sound-0202,10.5521875,./processed_data/RIRS_NOISES/pointsource_noises/noise-free-sound-0202.wav,wav,
noise-free-sound-0203,11.0944375,./processed_data/RIRS_NOISES/pointsource_noises/noise-free-sound-0203.wav,wav,
noise-free-sound-0204,6.381375,./processed_data/RIRS_NOISES/pointsource_noises/noise-free-sound-0204.wav,wav,
noise-free-sound-0205,14.389375,./processed_data/RIRS_NOISES/pointsource_noises/noise-free-sound-0205.wav,wav,
noise-free-sound-0206,2.3356875,./processed_data/RIRS_NOISES/pointsource_noises/noise-free-sound-0206.wav,wav,
noise-free-sound-0207,7.0904375,./processed_data/RIRS_NOISES/pointsource_noises/noise-free-sound-0207.wav,wav,
noise-free-sound-0208,6.4648125,./processed_data/RIRS_NOISES/pointsource_noises/noise-free-sound-0208.wav,wav,
noise-free-sound-0209,9.6763125,./processed_data/RIRS_NOISES/pointsource_noises/noise-free-sound-0209.wav,wav,
noise-free-sound-0210,5.6723125,./processed_data/RIRS_NOISES/pointsource_noises/noise-free-sound-0210.wav,wav,
noise-free-sound-0211,6.2145625,./processed_data/RIRS_NOISES/pointsource_noises/noise-free-sound-0211.wav,wav,
noise-free-sound-0212,9.5511875,./processed_data/RIRS_NOISES/pointsource_noises/noise-free-sound-0212.wav,wav,
noise-free-sound-0213,5.7140625,./processed_data/RIRS_NOISES/pointsource_noises/noise-free-sound-0213.wav,wav,
noise-free-sound-0214,8.25825,./processed_data/RIRS_NOISES/pointsource_noises/noise-free-sound-0214.wav,wav,
noise-free-sound-0215,6.4375,./processed_data/RIRS_NOISES/pointsource_noises/noise-free-sound-0215.wav,wav,
noise-free-sound-0216,38.4588125,./processed_data/RIRS_NOISES/pointsource_noises/noise-free-sound-0216.wav,wav,
noise-free-sound-0217,4.8381875,./processed_data/RIRS_NOISES/pointsource_noises/noise-free-sound-0217.wav,wav,
noise-free-sound-0218,6.131125,./processed_data/RIRS_NOISES/pointsource_noises/noise-free-sound-0218.wav,wav,
noise-free-sound-0219,6.5899375,./processed_data/RIRS_NOISES/pointsource_noises/noise-free-sound-0219.wav,wav,
noise-free-sound-0220,8.4668125,./processed_data/RIRS_NOISES/pointsource_noises/noise-free-sound-0220.wav,wav,
noise-free-sound-0221,10.9275625,./processed_data/RIRS_NOISES/pointsource_noises/noise-free-sound-0221.wav,wav,
noise-free-sound-0222,1.2095625,./processed_data/RIRS_NOISES/pointsource_noises/noise-free-sound-0222.wav,wav,
noise-free-sound-0223,3.5869375,./processed_data/RIRS_NOISES/pointsource_noises/noise-free-sound-0223.wav,wav,
noise-free-sound-0224,12.8044375,./processed_data/RIRS_NOISES/pointsource_noises/noise-free-sound-0224.wav,wav,
noise-free-sound-0225,12.452,./processed_data/RIRS_NOISES/pointsource_noises/noise-free-sound-0225.wav,wav,
noise-free-sound-0226,26.1973125,./processed_data/RIRS_NOISES/pointsource_noises/noise-free-sound-0226.wav,wav,
noise-free-sound-0227,31.1654375,./processed_data/RIRS_NOISES/pointsource_noises/noise-free-sound-0227.wav,wav,
noise-free-sound-0228,16.6486875,./processed_data/RIRS_NOISES/pointsource_noises/noise-free-sound-0228.wav,wav,
noise-free-sound-0229,5.3339375,./processed_data/RIRS_NOISES/pointsource_noises/noise-free-sound-0229.wav,wav,
noise-free-sound-0230,41.592,./processed_data/RIRS_NOISES/pointsource_noises/noise-free-sound-0230.wav,wav,
noise-free-sound-0231,22.33075,./processed_data/RIRS_NOISES/pointsource_noises/noise-free-sound-0231.wav,wav,
noise-free-sound-0232,44.2890625,./processed_data/RIRS_NOISES/pointsource_noises/noise-free-sound-0232.wav,wav,
noise-free-sound-0233,44.3495,./processed_data/RIRS_NOISES/pointsource_noises/noise-free-sound-0233.wav,wav,
noise-free-sound-0234,75.0171875,./processed_data/RIRS_NOISES/pointsource_noises/noise-free-sound-0234.wav,wav,
noise-free-sound-0235,200.7829375,./processed_data/RIRS_NOISES/pointsource_noises/noise-free-sound-0235.wav,wav,
noise-free-sound-0236,5.5640625,./processed_data/RIRS_NOISES/pointsource_noises/noise-free-sound-0236.wav,wav,
noise-free-sound-0237,5.302875,./processed_data/RIRS_NOISES/pointsource_noises/noise-free-sound-0237.wav,wav,
noise-free-sound-0238,13.944,./processed_data/RIRS_NOISES/pointsource_noises/noise-free-sound-0238.wav,wav,
noise-free-sound-0239,37.50525,./processed_data/RIRS_NOISES/pointsource_noises/noise-free-sound-0239.wav,wav,
noise-free-sound-0240,26.2261875,./processed_data/RIRS_NOISES/pointsource_noises/noise-free-sound-0240.wav,wav,
noise-free-sound-0241,52.6185,./processed_data/RIRS_NOISES/pointsource_noises/noise-free-sound-0241.wav,wav,
noise-free-sound-0242,23.0038125,./processed_data/RIRS_NOISES/pointsource_noises/noise-free-sound-0242.wav,wav,
noise-free-sound-0243,90.0005625,./processed_data/RIRS_NOISES/pointsource_noises/noise-free-sound-0243.wav,wav,
noise-free-sound-0244,118.8401875,./processed_data/RIRS_NOISES/pointsource_noises/noise-free-sound-0244.wav,wav,
noise-free-sound-0245,29.562875,./processed_data/RIRS_NOISES/pointsource_noises/noise-free-sound-0245.wav,wav,
noise-free-sound-0246,24.7246875,./processed_data/RIRS_NOISES/pointsource_noises/noise-free-sound-0246.wav,wav,
noise-free-sound-0247,77.7345625,./processed_data/RIRS_NOISES/pointsource_noises/noise-free-sound-0247.wav,wav,
noise-free-sound-0248,60.30275,./processed_data/RIRS_NOISES/pointsource_noises/noise-free-sound-0248.wav,wav,
noise-free-sound-0249,40.684625,./processed_data/RIRS_NOISES/pointsource_noises/noise-free-sound-0249.wav,wav,
noise-free-sound-0250,8.6204375,./processed_data/RIRS_NOISES/pointsource_noises/noise-free-sound-0250.wav,wav,
noise-free-sound-0251,31.973875,./processed_data/RIRS_NOISES/pointsource_noises/noise-free-sound-0251.wav,wav,
noise-free-sound-0252,20.9501875,./processed_data/RIRS_NOISES/pointsource_noises/noise-free-sound-0252.wav,wav,
noise-free-sound-0253,0.9750625,./processed_data/RIRS_NOISES/pointsource_noises/noise-free-sound-0253.wav,wav,
noise-free-sound-0254,64.142125,./processed_data/RIRS_NOISES/pointsource_noises/noise-free-sound-0254.wav,wav,
noise-free-sound-0255,5.5375,./processed_data/RIRS_NOISES/pointsource_noises/noise-free-sound-0255.wav,wav,
noise-free-sound-0256,37.5069375,./processed_data/RIRS_NOISES/pointsource_noises/noise-free-sound-0256.wav,wav,
noise-free-sound-0257,5.0,./processed_data/RIRS_NOISES/pointsource_noises/noise-free-sound-0257.wav,wav,
noise-free-sound-0258,25.7580625,./processed_data/RIRS_NOISES/pointsource_noises/noise-free-sound-0258.wav,wav,
noise-free-sound-0259,14.7069375,./processed_data/RIRS_NOISES/pointsource_noises/noise-free-sound-0259.wav,wav,
noise-free-sound-0260,14.4,./processed_data/RIRS_NOISES/pointsource_noises/noise-free-sound-0260.wav,wav,
noise-free-sound-0261,88.0,./processed_data/RIRS_NOISES/pointsource_noises/noise-free-sound-0261.wav,wav,
noise-free-sound-0262,35.0301875,./processed_data/RIRS_NOISES/pointsource_noises/noise-free-sound-0262.wav,wav,
noise-free-sound-0263,0.9043125,./processed_data/RIRS_NOISES/pointsource_noises/noise-free-sound-0263.wav,wav,
noise-free-sound-0264,29.631375,./processed_data/RIRS_NOISES/pointsource_noises/noise-free-sound-0264.wav,wav,
noise-free-sound-0265,1.3325625,./processed_data/RIRS_NOISES/pointsource_noises/noise-free-sound-0265.wav,wav,
noise-free-sound-0266,34.674625,./processed_data/RIRS_NOISES/pointsource_noises/noise-free-sound-0266.wav,wav,
noise-free-sound-0267,36.1389375,./processed_data/RIRS_NOISES/pointsource_noises/noise-free-sound-0267.wav,wav,
noise-free-sound-0268,22.710875,./processed_data/RIRS_NOISES/pointsource_noises/noise-free-sound-0268.wav,wav,
noise-free-sound-0269,49.125125,./processed_data/RIRS_NOISES/pointsource_noises/noise-free-sound-0269.wav,wav,
noise-free-sound-0270,398.0610625,./processed_data/RIRS_NOISES/pointsource_noises/noise-free-sound-0270.wav,wav,
noise-free-sound-0271,29.6983125,./processed_data/RIRS_NOISES/pointsource_noises/noise-free-sound-0271.wav,wav,
noise-free-sound-0272,41.058125,./processed_data/RIRS_NOISES/pointsource_noises/noise-free-sound-0272.wav,wav,
noise-free-sound-0273,10.6433125,./processed_data/RIRS_NOISES/pointsource_noises/noise-free-sound-0273.wav,wav,
noise-free-sound-0274,3.96775,./processed_data/RIRS_NOISES/pointsource_noises/noise-free-sound-0274.wav,wav,
noise-free-sound-0275,12.096,./processed_data/RIRS_NOISES/pointsource_noises/noise-free-sound-0275.wav,wav,
noise-free-sound-0276,2.8715,./processed_data/RIRS_NOISES/pointsource_noises/noise-free-sound-0276.wav,wav,
noise-free-sound-0277,5.705125,./processed_data/RIRS_NOISES/pointsource_noises/noise-free-sound-0277.wav,wav,
noise-free-sound-0278,37.59825,./processed_data/RIRS_NOISES/pointsource_noises/noise-free-sound-0278.wav,wav,
noise-free-sound-0279,17.3333125,./processed_data/RIRS_NOISES/pointsource_noises/noise-free-sound-0279.wav,wav,
noise-free-sound-0280,62.10325,./processed_data/RIRS_NOISES/pointsource_noises/noise-free-sound-0280.wav,wav,
noise-free-sound-0281,0.1,./processed_data/RIRS_NOISES/pointsource_noises/noise-free-sound-0281.wav,wav,
noise-free-sound-0282,37.72675,./processed_data/RIRS_NOISES/pointsource_noises/noise-free-sound-0282.wav,wav,
noise-free-sound-0283,22.9636875,./processed_data/RIRS_NOISES/pointsource_noises/noise-free-sound-0283.wav,wav,
noise-free-sound-0284,2.786,./processed_data/RIRS_NOISES/pointsource_noises/noise-free-sound-0284.wav,wav,
noise-free-sound-0285,4.0925,./processed_data/RIRS_NOISES/pointsource_noises/noise-free-sound-0285.wav,wav,
noise-free-sound-0286,9.5603125,./processed_data/RIRS_NOISES/pointsource_noises/noise-free-sound-0286.wav,wav,
noise-free-sound-0287,60.6563125,./processed_data/RIRS_NOISES/pointsource_noises/noise-free-sound-0287.wav,wav,
noise-free-sound-0288,59.688,./processed_data/RIRS_NOISES/pointsource_noises/noise-free-sound-0288.wav,wav,
noise-free-sound-0289,22.2821875,./processed_data/RIRS_NOISES/pointsource_noises/noise-free-sound-0289.wav,wav,
noise-free-sound-0290,44.304,./processed_data/RIRS_NOISES/pointsource_noises/noise-free-sound-0290.wav,wav,
noise-free-sound-0291,9.090625,./processed_data/RIRS_NOISES/pointsource_noises/noise-free-sound-0291.wav,wav,
noise-free-sound-0292,17.97225,./processed_data/RIRS_NOISES/pointsource_noises/noise-free-sound-0292.wav,wav,
noise-free-sound-0293,43.0381875,./processed_data/RIRS_NOISES/pointsource_noises/noise-free-sound-0293.wav,wav,
noise-free-sound-0294,6.5875,./processed_data/RIRS_NOISES/pointsource_noises/noise-free-sound-0294.wav,wav,
noise-free-sound-0295,6.8963125,./processed_data/RIRS_NOISES/pointsource_noises/noise-free-sound-0295.wav,wav,
noise-free-sound-0296,1.8616875,./processed_data/RIRS_NOISES/pointsource_noises/noise-free-sound-0296.wav,wav,
noise-free-sound-0297,1.799,./processed_data/RIRS_NOISES/pointsource_noises/noise-free-sound-0297.wav,wav,
noise-free-sound-0298,32.0,./processed_data/RIRS_NOISES/pointsource_noises/noise-free-sound-0298.wav,wav,
noise-free-sound-0299,0.212625,./processed_data/RIRS_NOISES/pointsource_noises/noise-free-sound-0299.wav,wav,
noise-free-sound-0300,6.112625,./processed_data/RIRS_NOISES/pointsource_noises/noise-free-sound-0300.wav,wav,
noise-free-sound-0301,180.9495625,./processed_data/RIRS_NOISES/pointsource_noises/noise-free-sound-0301.wav,wav,
noise-free-sound-0302,17.914125,./processed_data/RIRS_NOISES/pointsource_noises/noise-free-sound-0302.wav,wav,
noise-free-sound-0303,8.1955,./processed_data/RIRS_NOISES/pointsource_noises/noise-free-sound-0303.wav,wav,
noise-free-sound-0304,62.0408125,./processed_data/RIRS_NOISES/pointsource_noises/noise-free-sound-0304.wav,wav,
noise-free-sound-0305,29.5,./processed_data/RIRS_NOISES/pointsource_noises/noise-free-sound-0305.wav,wav,
noise-free-sound-0306,24.5,./processed_data/RIRS_NOISES/pointsource_noises/noise-free-sound-0306.wav,wav,
noise-free-sound-0307,10.704,./processed_data/RIRS_NOISES/pointsource_noises/noise-free-sound-0307.wav,wav,
noise-free-sound-0308,58.28175,./processed_data/RIRS_NOISES/pointsource_noises/noise-free-sound-0308.wav,wav,
noise-free-sound-0309,3.3729375,./processed_data/RIRS_NOISES/pointsource_noises/noise-free-sound-0309.wav,wav,
noise-free-sound-0310,22.03575,./processed_data/RIRS_NOISES/pointsource_noises/noise-free-sound-0310.wav,wav,
noise-free-sound-0311,13.746375,./processed_data/RIRS_NOISES/pointsource_noises/noise-free-sound-0311.wav,wav,
noise-free-sound-0312,1.513,./processed_data/RIRS_NOISES/pointsource_noises/noise-free-sound-0312.wav,wav,
noise-free-sound-0313,2.7875,./processed_data/RIRS_NOISES/pointsource_noises/noise-free-sound-0313.wav,wav,
noise-free-sound-0314,0.6109375,./processed_data/RIRS_NOISES/pointsource_noises/noise-free-sound-0314.wav,wav,
noise-free-sound-0315,2.7838125,./processed_data/RIRS_NOISES/pointsource_noises/noise-free-sound-0315.wav,wav,
noise-free-sound-0316,11.1455625,./processed_data/RIRS_NOISES/pointsource_noises/noise-free-sound-0316.wav,wav,
noise-free-sound-0317,7.256875,./processed_data/RIRS_NOISES/pointsource_noises/noise-free-sound-0317.wav,wav,
noise-free-sound-0318,0.40925,./processed_data/RIRS_NOISES/pointsource_noises/noise-free-sound-0318.wav,wav,
noise-free-sound-0319,1.515125,./processed_data/RIRS_NOISES/pointsource_noises/noise-free-sound-0319.wav,wav,
noise-free-sound-0320,6.7395625,./processed_data/RIRS_NOISES/pointsource_noises/noise-free-sound-0320.wav,wav,
noise-free-sound-0321,113.0,./processed_data/RIRS_NOISES/pointsource_noises/noise-free-sound-0321.wav,wav,
noise-free-sound-0322,31.0335,./processed_data/RIRS_NOISES/pointsource_noises/noise-free-sound-0322.wav,wav,
noise-free-sound-0323,10.73175,./processed_data/RIRS_NOISES/pointsource_noises/noise-free-sound-0323.wav,wav,
noise-free-sound-0324,36.2056875,./processed_data/RIRS_NOISES/pointsource_noises/noise-free-sound-0324.wav,wav,
noise-free-sound-0325,1.6456875,./processed_data/RIRS_NOISES/pointsource_noises/noise-free-sound-0325.wav,wav,
noise-free-sound-0326,16.0775,./processed_data/RIRS_NOISES/pointsource_noises/noise-free-sound-0326.wav,wav,
noise-free-sound-0327,5.1596875,./processed_data/RIRS_NOISES/pointsource_noises/noise-free-sound-0327.wav,wav,
noise-free-sound-0328,0.7181875,./processed_data/RIRS_NOISES/pointsource_noises/noise-free-sound-0328.wav,wav,
noise-free-sound-0329,9.69225,./processed_data/RIRS_NOISES/pointsource_noises/noise-free-sound-0329.wav,wav,
noise-free-sound-0330,8.4288125,./processed_data/RIRS_NOISES/pointsource_noises/noise-free-sound-0330.wav,wav,
noise-free-sound-0331,6.375,./processed_data/RIRS_NOISES/pointsource_noises/noise-free-sound-0331.wav,wav,
noise-free-sound-0332,3.625,./processed_data/RIRS_NOISES/pointsource_noises/noise-free-sound-0332.wav,wav,
noise-free-sound-0333,15.6735,./processed_data/RIRS_NOISES/pointsource_noises/noise-free-sound-0333.wav,wav,
noise-free-sound-0334,178.1493125,./processed_data/RIRS_NOISES/pointsource_noises/noise-free-sound-0334.wav,wav,
noise-free-sound-0335,34.0375625,./processed_data/RIRS_NOISES/pointsource_noises/noise-free-sound-0335.wav,wav,
noise-free-sound-0336,48.08275,./processed_data/RIRS_NOISES/pointsource_noises/noise-free-sound-0336.wav,wav,
noise-free-sound-0337,1.4255,./processed_data/RIRS_NOISES/pointsource_noises/noise-free-sound-0337.wav,wav,
noise-free-sound-0338,9.24,./processed_data/RIRS_NOISES/pointsource_noises/noise-free-sound-0338.wav,wav,
noise-free-sound-0339,20.328,./processed_data/RIRS_NOISES/pointsource_noises/noise-free-sound-0339.wav,wav,
noise-free-sound-0340,33.672,./processed_data/RIRS_NOISES/pointsource_noises/noise-free-sound-0340.wav,wav,
noise-free-sound-0341,23.071875,./processed_data/RIRS_NOISES/pointsource_noises/noise-free-sound-0341.wav,wav,
noise-free-sound-0342,13.806,./processed_data/RIRS_NOISES/pointsource_noises/noise-free-sound-0342.wav,wav,
noise-free-sound-0343,2.809625,./processed_data/RIRS_NOISES/pointsource_noises/noise-free-sound-0343.wav,wav,
noise-free-sound-0344,20.544,./processed_data/RIRS_NOISES/pointsource_noises/noise-free-sound-0344.wav,wav,
noise-free-sound-0345,5.9024375,./processed_data/RIRS_NOISES/pointsource_noises/noise-free-sound-0345.wav,wav,
noise-free-sound-0346,18.5469375,./processed_data/RIRS_NOISES/pointsource_noises/noise-free-sound-0346.wav,wav,
noise-free-sound-0347,13.7801875,./processed_data/RIRS_NOISES/pointsource_noises/noise-free-sound-0347.wav,wav,
noise-free-sound-0348,50.1140625,./processed_data/RIRS_NOISES/pointsource_noises/noise-free-sound-0348.wav,wav,
noise-free-sound-0349,1.0,./processed_data/RIRS_NOISES/pointsource_noises/noise-free-sound-0349.wav,wav,
noise-free-sound-0350,9.0,./processed_data/RIRS_NOISES/pointsource_noises/noise-free-sound-0350.wav,wav,
noise-free-sound-0351,4.968,./processed_data/RIRS_NOISES/pointsource_noises/noise-free-sound-0351.wav,wav,
noise-free-sound-0352,10.0,./processed_data/RIRS_NOISES/pointsource_noises/noise-free-sound-0352.wav,wav,
noise-free-sound-0353,26.0963125,./processed_data/RIRS_NOISES/pointsource_noises/noise-free-sound-0353.wav,wav,
noise-free-sound-0354,0.9999375,./processed_data/RIRS_NOISES/pointsource_noises/noise-free-sound-0354.wav,wav,
noise-free-sound-0355,14.664,./processed_data/RIRS_NOISES/pointsource_noises/noise-free-sound-0355.wav,wav,
noise-free-sound-0356,24.96,./processed_data/RIRS_NOISES/pointsource_noises/noise-free-sound-0356.wav,wav,
noise-free-sound-0357,8.1763125,./processed_data/RIRS_NOISES/pointsource_noises/noise-free-sound-0357.wav,wav,
noise-free-sound-0358,21.24625,./processed_data/RIRS_NOISES/pointsource_noises/noise-free-sound-0358.wav,wav,
noise-free-sound-0359,18.3078125,./processed_data/RIRS_NOISES/pointsource_noises/noise-free-sound-0359.wav,wav,
noise-free-sound-0360,13.89375,./processed_data/RIRS_NOISES/pointsource_noises/noise-free-sound-0360.wav,wav,
noise-free-sound-0361,7.7390625,./processed_data/RIRS_NOISES/pointsource_noises/noise-free-sound-0361.wav,wav,
noise-free-sound-0362,12.875,./processed_data/RIRS_NOISES/pointsource_noises/noise-free-sound-0362.wav,wav,
noise-free-sound-0363,4.721875,./processed_data/RIRS_NOISES/pointsource_noises/noise-free-sound-0363.wav,wav,
noise-free-sound-0364,11.8400625,./processed_data/RIRS_NOISES/pointsource_noises/noise-free-sound-0364.wav,wav,
noise-free-sound-0365,10.057125,./processed_data/RIRS_NOISES/pointsource_noises/noise-free-sound-0365.wav,wav,
noise-free-sound-0366,4.049,./processed_data/RIRS_NOISES/pointsource_noises/noise-free-sound-0366.wav,wav,
noise-free-sound-0367,1.044875,./processed_data/RIRS_NOISES/pointsource_noises/noise-free-sound-0367.wav,wav,
noise-free-sound-0368,1.6456875,./processed_data/RIRS_NOISES/pointsource_noises/noise-free-sound-0368.wav,wav,
noise-free-sound-0369,4.049,./processed_data/RIRS_NOISES/pointsource_noises/noise-free-sound-0369.wav,wav,
noise-free-sound-0370,72.2546875,./processed_data/RIRS_NOISES/pointsource_noises/noise-free-sound-0370.wav,wav,
noise-free-sound-0371,21.28,./processed_data/RIRS_NOISES/pointsource_noises/noise-free-sound-0371.wav,wav,
noise-free-sound-0372,22.88875,./processed_data/RIRS_NOISES/pointsource_noises/noise-free-sound-0372.wav,wav,
noise-free-sound-0373,3.234625,./processed_data/RIRS_NOISES/pointsource_noises/noise-free-sound-0373.wav,wav,
noise-free-sound-0374,0.7430625,./processed_data/RIRS_NOISES/pointsource_noises/noise-free-sound-0374.wav,wav,
noise-free-sound-0375,0.75,./processed_data/RIRS_NOISES/pointsource_noises/noise-free-sound-0375.wav,wav,
noise-free-sound-0376,5.0866875,./processed_data/RIRS_NOISES/pointsource_noises/noise-free-sound-0376.wav,wav,
noise-free-sound-0377,8.986125,./processed_data/RIRS_NOISES/pointsource_noises/noise-free-sound-0377.wav,wav,
noise-free-sound-0378,22.2824375,./processed_data/RIRS_NOISES/pointsource_noises/noise-free-sound-0378.wav,wav,
noise-free-sound-0379,6.9893125,./processed_data/RIRS_NOISES/pointsource_noises/noise-free-sound-0379.wav,wav,
noise-free-sound-0380,0.144,./processed_data/RIRS_NOISES/pointsource_noises/noise-free-sound-0380.wav,wav,
noise-free-sound-0381,44.2775625,./processed_data/RIRS_NOISES/pointsource_noises/noise-free-sound-0381.wav,wav,
noise-free-sound-0382,60.552,./processed_data/RIRS_NOISES/pointsource_noises/noise-free-sound-0382.wav,wav,
noise-free-sound-0383,32.904,./processed_data/RIRS_NOISES/pointsource_noises/noise-free-sound-0383.wav,wav,
noise-free-sound-0384,178.211375,./processed_data/RIRS_NOISES/pointsource_noises/noise-free-sound-0384.wav,wav,
noise-free-sound-0385,8.408375,./processed_data/RIRS_NOISES/pointsource_noises/noise-free-sound-0385.wav,wav,
noise-free-sound-0386,26.7350625,./processed_data/RIRS_NOISES/pointsource_noises/noise-free-sound-0386.wav,wav,
noise-free-sound-0387,5.96025,./processed_data/RIRS_NOISES/pointsource_noises/noise-free-sound-0387.wav,wav,
noise-free-sound-0388,4.382375,./processed_data/RIRS_NOISES/pointsource_noises/noise-free-sound-0388.wav,wav,
noise-free-sound-0389,13.7295,./processed_data/RIRS_NOISES/pointsource_noises/noise-free-sound-0389.wav,wav,
noise-free-sound-0390,15.7635,./processed_data/RIRS_NOISES/pointsource_noises/noise-free-sound-0390.wav,wav,
noise-free-sound-0391,23.391,./processed_data/RIRS_NOISES/pointsource_noises/noise-free-sound-0391.wav,wav,
noise-free-sound-0392,13.221,./processed_data/RIRS_NOISES/pointsource_noises/noise-free-sound-0392.wav,wav,
noise-free-sound-0393,5.5379375,./processed_data/RIRS_NOISES/pointsource_noises/noise-free-sound-0393.wav,wav,
noise-free-sound-0394,23.72,./processed_data/RIRS_NOISES/pointsource_noises/noise-free-sound-0394.wav,wav,
noise-free-sound-0395,7.73225,./processed_data/RIRS_NOISES/pointsource_noises/noise-free-sound-0395.wav,wav,
noise-free-sound-0396,9.7959375,./processed_data/RIRS_NOISES/pointsource_noises/noise-free-sound-0396.wav,wav,
noise-free-sound-0397,45.328,./processed_data/RIRS_NOISES/pointsource_noises/noise-free-sound-0397.wav,wav,
noise-free-sound-0398,44.8800625,./processed_data/RIRS_NOISES/pointsource_noises/noise-free-sound-0398.wav,wav,
noise-free-sound-0399,16.9025,./processed_data/RIRS_NOISES/pointsource_noises/noise-free-sound-0399.wav,wav,
noise-free-sound-0400,14.86075,./processed_data/RIRS_NOISES/pointsource_noises/noise-free-sound-0400.wav,wav,
noise-free-sound-0401,10.3515625,./processed_data/RIRS_NOISES/pointsource_noises/noise-free-sound-0401.wav,wav,
noise-free-sound-0402,29.6705625,./processed_data/RIRS_NOISES/pointsource_noises/noise-free-sound-0402.wav,wav,
noise-free-sound-0403,13.009,./processed_data/RIRS_NOISES/pointsource_noises/noise-free-sound-0403.wav,wav,
noise-free-sound-0404,19.040375,./processed_data/RIRS_NOISES/pointsource_noises/noise-free-sound-0404.wav,wav,
noise-free-sound-0405,2.306875,./processed_data/RIRS_NOISES/pointsource_noises/noise-free-sound-0405.wav,wav,
noise-free-sound-0406,19.8315,./processed_data/RIRS_NOISES/pointsource_noises/noise-free-sound-0406.wav,wav,
noise-free-sound-0407,2.9594375,./processed_data/RIRS_NOISES/pointsource_noises/noise-free-sound-0407.wav,wav,
noise-free-sound-0408,15.0,./processed_data/RIRS_NOISES/pointsource_noises/noise-free-sound-0408.wav,wav,
noise-free-sound-0409,8.6186875,./processed_data/RIRS_NOISES/pointsource_noises/noise-free-sound-0409.wav,wav,
noise-free-sound-0410,1.1808125,./processed_data/RIRS_NOISES/pointsource_noises/noise-free-sound-0410.wav,wav,
noise-free-sound-0411,2.3625625,./processed_data/RIRS_NOISES/pointsource_noises/noise-free-sound-0411.wav,wav,
noise-free-sound-0412,2.624875,./processed_data/RIRS_NOISES/pointsource_noises/noise-free-sound-0412.wav,wav,
noise-free-sound-0413,21.995125,./processed_data/RIRS_NOISES/pointsource_noises/noise-free-sound-0413.wav,wav,
noise-free-sound-0414,28.3785,./processed_data/RIRS_NOISES/pointsource_noises/noise-free-sound-0414.wav,wav,
noise-free-sound-0415,6.624,./processed_data/RIRS_NOISES/pointsource_noises/noise-free-sound-0415.wav,wav,
noise-free-sound-0416,14.9700625,./processed_data/RIRS_NOISES/pointsource_noises/noise-free-sound-0416.wav,wav,
noise-free-sound-0417,10.1516875,./processed_data/RIRS_NOISES/pointsource_noises/noise-free-sound-0417.wav,wav,
noise-free-sound-0418,40.99575,./processed_data/RIRS_NOISES/pointsource_noises/noise-free-sound-0418.wav,wav,
noise-free-sound-0419,11.9901875,./processed_data/RIRS_NOISES/pointsource_noises/noise-free-sound-0419.wav,wav,
noise-free-sound-0420,0.8214375,./processed_data/RIRS_NOISES/pointsource_noises/noise-free-sound-0420.wav,wav,
noise-free-sound-0421,3.3698125,./processed_data/RIRS_NOISES/pointsource_noises/noise-free-sound-0421.wav,wav,
noise-free-sound-0422,9.1626875,./processed_data/RIRS_NOISES/pointsource_noises/noise-free-sound-0422.wav,wav,
noise-free-sound-0423,12.25,./processed_data/RIRS_NOISES/pointsource_noises/noise-free-sound-0423.wav,wav,
noise-free-sound-0424,16.666125,./processed_data/RIRS_NOISES/pointsource_noises/noise-free-sound-0424.wav,wav,
noise-free-sound-0425,1.410625,./processed_data/RIRS_NOISES/pointsource_noises/noise-free-sound-0425.wav,wav,
noise-free-sound-0426,3.89225,./processed_data/RIRS_NOISES/pointsource_noises/noise-free-sound-0426.wav,wav,
noise-free-sound-0427,21.995125,./processed_data/RIRS_NOISES/pointsource_noises/noise-free-sound-0427.wav,wav,
noise-free-sound-0428,18.622375,./processed_data/RIRS_NOISES/pointsource_noises/noise-free-sound-0428.wav,wav,
noise-free-sound-0429,24.0,./processed_data/RIRS_NOISES/pointsource_noises/noise-free-sound-0429.wav,wav,
noise-free-sound-0430,67.2,./processed_data/RIRS_NOISES/pointsource_noises/noise-free-sound-0430.wav,wav,
noise-free-sound-0431,22.9355,./processed_data/RIRS_NOISES/pointsource_noises/noise-free-sound-0431.wav,wav,
noise-free-sound-0432,22.2540625,./processed_data/RIRS_NOISES/pointsource_noises/noise-free-sound-0432.wav,wav,
noise-free-sound-0433,42.2370625,./processed_data/RIRS_NOISES/pointsource_noises/noise-free-sound-0433.wav,wav,
noise-free-sound-0434,21.528,./processed_data/RIRS_NOISES/pointsource_noises/noise-free-sound-0434.wav,wav,
noise-free-sound-0435,5.27675,./processed_data/RIRS_NOISES/pointsource_noises/noise-free-sound-0435.wav,wav,
noise-free-sound-0436,51.2120625,./processed_data/RIRS_NOISES/pointsource_noises/noise-free-sound-0436.wav,wav,
noise-free-sound-0437,1.19,./processed_data/RIRS_NOISES/pointsource_noises/noise-free-sound-0437.wav,wav,
noise-free-sound-0438,7.52325,./processed_data/RIRS_NOISES/pointsource_noises/noise-free-sound-0438.wav,wav,
noise-free-sound-0439,30.7875625,./processed_data/RIRS_NOISES/pointsource_noises/noise-free-sound-0439.wav,wav,
noise-free-sound-0440,4.1883125,./processed_data/RIRS_NOISES/pointsource_noises/noise-free-sound-0440.wav,wav,
noise-free-sound-0441,45.568,./processed_data/RIRS_NOISES/pointsource_noises/noise-free-sound-0441.wav,wav,
noise-free-sound-0442,76.0721875,./processed_data/RIRS_NOISES/pointsource_noises/noise-free-sound-0442.wav,wav,
noise-free-sound-0443,42.24,./processed_data/RIRS_NOISES/pointsource_noises/noise-free-sound-0443.wav,wav,
noise-free-sound-0444,20.2478125,./processed_data/RIRS_NOISES/pointsource_noises/noise-free-sound-0444.wav,wav,
noise-free-sound-0445,18.3901875,./processed_data/RIRS_NOISES/pointsource_noises/noise-free-sound-0445.wav,wav,
noise-free-sound-0446,31.416,./processed_data/RIRS_NOISES/pointsource_noises/noise-free-sound-0446.wav,wav,
noise-free-sound-0447,28.5779375,./processed_data/RIRS_NOISES/pointsource_noises/noise-free-sound-0447.wav,wav,
noise-free-sound-0448,0.574,./processed_data/RIRS_NOISES/pointsource_noises/noise-free-sound-0448.wav,wav,
noise-free-sound-0449,4.7380625,./processed_data/RIRS_NOISES/pointsource_noises/noise-free-sound-0449.wav,wav,
noise-free-sound-0450,16.1713125,./processed_data/RIRS_NOISES/pointsource_noises/noise-free-sound-0450.wav,wav,
noise-free-sound-0451,44.04,./processed_data/RIRS_NOISES/pointsource_noises/noise-free-sound-0451.wav,wav,
noise-free-sound-0452,17.8445625,./processed_data/RIRS_NOISES/pointsource_noises/noise-free-sound-0452.wav,wav,
noise-free-sound-0453,0.9404375,./processed_data/RIRS_NOISES/pointsource_noises/noise-free-sound-0453.wav,wav,
noise-free-sound-0454,41.885,./processed_data/RIRS_NOISES/pointsource_noises/noise-free-sound-0454.wav,wav,
noise-free-sound-0455,168.2695,./processed_data/RIRS_NOISES/pointsource_noises/noise-free-sound-0455.wav,wav,
noise-free-sound-0456,28.96325,./processed_data/RIRS_NOISES/pointsource_noises/noise-free-sound-0456.wav,wav,
noise-free-sound-0457,44.3666875,./processed_data/RIRS_NOISES/pointsource_noises/noise-free-sound-0457.wav,wav,
noise-free-sound-0458,20.7055625,./processed_data/RIRS_NOISES/pointsource_noises/noise-free-sound-0458.wav,wav,
noise-free-sound-0459,40.3069375,./processed_data/RIRS_NOISES/pointsource_noises/noise-free-sound-0459.wav,wav,
noise-free-sound-0460,13.104,./processed_data/RIRS_NOISES/pointsource_noises/noise-free-sound-0460.wav,wav,
noise-free-sound-0461,53.3406875,./processed_data/RIRS_NOISES/pointsource_noises/noise-free-sound-0461.wav,wav,
noise-free-sound-0462,18.76375,./processed_data/RIRS_NOISES/pointsource_noises/noise-free-sound-0462.wav,wav,
noise-free-sound-0463,15.1105625,./processed_data/RIRS_NOISES/pointsource_noises/noise-free-sound-0463.wav,wav,
noise-free-sound-0464,8.0831875,./processed_data/RIRS_NOISES/pointsource_noises/noise-free-sound-0464.wav,wav,
noise-free-sound-0465,9.007375,./processed_data/RIRS_NOISES/pointsource_noises/noise-free-sound-0465.wav,wav,
noise-free-sound-0466,13.9530625,./processed_data/RIRS_NOISES/pointsource_noises/noise-free-sound-0466.wav,wav,
noise-free-sound-0467,14.1738125,./processed_data/RIRS_NOISES/pointsource_noises/noise-free-sound-0467.wav,wav,
noise-free-sound-0468,23.12375,./processed_data/RIRS_NOISES/pointsource_noises/noise-free-sound-0468.wav,wav,
noise-free-sound-0469,10.7805,./processed_data/RIRS_NOISES/pointsource_noises/noise-free-sound-0469.wav,wav,
noise-free-sound-0470,4.757375,./processed_data/RIRS_NOISES/pointsource_noises/noise-free-sound-0470.wav,wav,
noise-free-sound-0471,7.915125,./processed_data/RIRS_NOISES/pointsource_noises/noise-free-sound-0471.wav,wav,
noise-free-sound-0472,94.0,./processed_data/RIRS_NOISES/pointsource_noises/noise-free-sound-0472.wav,wav,
noise-free-sound-0473,9.11675,./processed_data/RIRS_NOISES/pointsource_noises/noise-free-sound-0473.wav,wav,
noise-free-sound-0474,35.935,./processed_data/RIRS_NOISES/pointsource_noises/noise-free-sound-0474.wav,wav,
noise-free-sound-0475,36.3624375,./processed_data/RIRS_NOISES/pointsource_noises/noise-free-sound-0475.wav,wav,
noise-free-sound-0476,9.5608125,./processed_data/RIRS_NOISES/pointsource_noises/noise-free-sound-0476.wav,wav,
noise-free-sound-0477,15.124875,./processed_data/RIRS_NOISES/pointsource_noises/noise-free-sound-0477.wav,wav,
noise-free-sound-0478,8.5195,./processed_data/RIRS_NOISES/pointsource_noises/noise-free-sound-0478.wav,wav,
noise-free-sound-0479,3.715625,./processed_data/RIRS_NOISES/pointsource_noises/noise-free-sound-0479.wav,wav,
noise-free-sound-0480,35.2898125,./processed_data/RIRS_NOISES/pointsource_noises/noise-free-sound-0480.wav,wav,
noise-free-sound-0481,7.907875,./processed_data/RIRS_NOISES/pointsource_noises/noise-free-sound-0481.wav,wav,
noise-free-sound-0482,13.5314375,./processed_data/RIRS_NOISES/pointsource_noises/noise-free-sound-0482.wav,wav,
noise-free-sound-0483,22.5959375,./processed_data/RIRS_NOISES/pointsource_noises/noise-free-sound-0483.wav,wav,
noise-free-sound-0484,10.6318125,./processed_data/RIRS_NOISES/pointsource_noises/noise-free-sound-0484.wav,wav,
noise-free-sound-0485,10.8930625,./processed_data/RIRS_NOISES/pointsource_noises/noise-free-sound-0485.wav,wav,
noise-free-sound-0486,6.4098125,./processed_data/RIRS_NOISES/pointsource_noises/noise-free-sound-0486.wav,wav,
noise-free-sound-0487,1.9301875,./processed_data/RIRS_NOISES/pointsource_noises/noise-free-sound-0487.wav,wav,
noise-free-sound-0488,5.656875,./processed_data/RIRS_NOISES/pointsource_noises/noise-free-sound-0488.wav,wav,
noise-free-sound-0489,62.8613125,./processed_data/RIRS_NOISES/pointsource_noises/noise-free-sound-0489.wav,wav,
noise-free-sound-0490,12.9799375,./processed_data/RIRS_NOISES/pointsource_noises/noise-free-sound-0490.wav,wav,
noise-free-sound-0491,1.544125,./processed_data/RIRS_NOISES/pointsource_noises/noise-free-sound-0491.wav,wav,
noise-free-sound-0492,20.0,./processed_data/RIRS_NOISES/pointsource_noises/noise-free-sound-0492.wav,wav,
noise-free-sound-0493,14.02775,./processed_data/RIRS_NOISES/pointsource_noises/noise-free-sound-0493.wav,wav,
noise-free-sound-0494,56.05875,./processed_data/RIRS_NOISES/pointsource_noises/noise-free-sound-0494.wav,wav,
noise-free-sound-0495,18.2066875,./processed_data/RIRS_NOISES/pointsource_noises/noise-free-sound-0495.wav,wav,
noise-free-sound-0496,5.97325,./processed_data/RIRS_NOISES/pointsource_noises/noise-free-sound-0496.wav,wav,
noise-free-sound-0497,302.0,./processed_data/RIRS_NOISES/pointsource_noises/noise-free-sound-0497.wav,wav,
noise-free-sound-0498,5.0,./processed_data/RIRS_NOISES/pointsource_noises/noise-free-sound-0498.wav,wav,
noise-free-sound-0499,7.889,./processed_data/RIRS_NOISES/pointsource_noises/noise-free-sound-0499.wav,wav,
noise-free-sound-0500,34.374875,./processed_data/RIRS_NOISES/pointsource_noises/noise-free-sound-0500.wav,wav,
noise-free-sound-0501,12.0079375,./processed_data/RIRS_NOISES/pointsource_noises/noise-free-sound-0501.wav,wav,
noise-free-sound-0502,73.2,./processed_data/RIRS_NOISES/pointsource_noises/noise-free-sound-0502.wav,wav,
noise-free-sound-0503,5.0648125,./processed_data/RIRS_NOISES/pointsource_noises/noise-free-sound-0503.wav,wav,
noise-free-sound-0504,58.0034375,./processed_data/RIRS_NOISES/pointsource_noises/noise-free-sound-0504.wav,wav,
noise-free-sound-0505,9.373875,./processed_data/RIRS_NOISES/pointsource_noises/noise-free-sound-0505.wav,wav,
noise-free-sound-0506,24.58125,./processed_data/RIRS_NOISES/pointsource_noises/noise-free-sound-0506.wav,wav,
noise-free-sound-0507,1.1199375,./processed_data/RIRS_NOISES/pointsource_noises/noise-free-sound-0507.wav,wav,
noise-free-sound-0508,7.319875,./processed_data/RIRS_NOISES/pointsource_noises/noise-free-sound-0508.wav,wav,
noise-free-sound-0509,10.79725,./processed_data/RIRS_NOISES/pointsource_noises/noise-free-sound-0509.wav,wav,
noise-free-sound-0510,19.845125,./processed_data/RIRS_NOISES/pointsource_noises/noise-free-sound-0510.wav,wav,
noise-free-sound-0511,4.0,./processed_data/RIRS_NOISES/pointsource_noises/noise-free-sound-0511.wav,wav,
noise-free-sound-0512,3.78775,./processed_data/RIRS_NOISES/pointsource_noises/noise-free-sound-0512.wav,wav,
noise-free-sound-0513,10.7885625,./processed_data/RIRS_NOISES/pointsource_noises/noise-free-sound-0513.wav,wav,
noise-free-sound-0514,5.329,./processed_data/RIRS_NOISES/pointsource_noises/noise-free-sound-0514.wav,wav,
noise-free-sound-0515,4.075125,./processed_data/RIRS_NOISES/pointsource_noises/noise-free-sound-0515.wav,wav,
noise-free-sound-0516,1.0991875,./processed_data/RIRS_NOISES/pointsource_noises/noise-free-sound-0516.wav,wav,
noise-free-sound-0517,9.962,./processed_data/RIRS_NOISES/pointsource_noises/noise-free-sound-0517.wav,wav,
noise-free-sound-0518,18.7820625,./processed_data/RIRS_NOISES/pointsource_noises/noise-free-sound-0518.wav,wav,
noise-free-sound-0519,33.5935,./processed_data/RIRS_NOISES/pointsource_noises/noise-free-sound-0519.wav,wav,
noise-free-sound-0520,12.5,./processed_data/RIRS_NOISES/pointsource_noises/noise-free-sound-0520.wav,wav,
noise-free-sound-0521,7.0008125,./processed_data/RIRS_NOISES/pointsource_noises/noise-free-sound-0521.wav,wav,
noise-free-sound-0522,79.2853125,./processed_data/RIRS_NOISES/pointsource_noises/noise-free-sound-0522.wav,wav,
noise-free-sound-0523,8.424,./processed_data/RIRS_NOISES/pointsource_noises/noise-free-sound-0523.wav,wav,
noise-free-sound-0524,22.6495,./processed_data/RIRS_NOISES/pointsource_noises/noise-free-sound-0524.wav,wav,
noise-free-sound-0525,0.9583125,./processed_data/RIRS_NOISES/pointsource_noises/noise-free-sound-0525.wav,wav,
noise-free-sound-0526,1.4186875,./processed_data/RIRS_NOISES/pointsource_noises/noise-free-sound-0526.wav,wav,
noise-free-sound-0527,9.3093125,./processed_data/RIRS_NOISES/pointsource_noises/noise-free-sound-0527.wav,wav,
noise-free-sound-0528,3.06975,./processed_data/RIRS_NOISES/pointsource_noises/noise-free-sound-0528.wav,wav,
noise-free-sound-0529,1.8594375,./processed_data/RIRS_NOISES/pointsource_noises/noise-free-sound-0529.wav,wav,
noise-free-sound-0530,7.7573125,./processed_data/RIRS_NOISES/pointsource_noises/noise-free-sound-0530.wav,wav,
noise-free-sound-0531,46.7388125,./processed_data/RIRS_NOISES/pointsource_noises/noise-free-sound-0531.wav,wav,
noise-free-sound-0532,6.0,./processed_data/RIRS_NOISES/pointsource_noises/noise-free-sound-0532.wav,wav,
noise-free-sound-0533,37.91875,./processed_data/RIRS_NOISES/pointsource_noises/noise-free-sound-0533.wav,wav,
noise-free-sound-0534,17.477625,./processed_data/RIRS_NOISES/pointsource_noises/noise-free-sound-0534.wav,wav,
noise-free-sound-0535,18.137625,./processed_data/RIRS_NOISES/pointsource_noises/noise-free-sound-0535.wav,wav,
noise-free-sound-0536,0.69275,./processed_data/RIRS_NOISES/pointsource_noises/noise-free-sound-0536.wav,wav,
noise-free-sound-0537,12.1733125,./processed_data/RIRS_NOISES/pointsource_noises/noise-free-sound-0537.wav,wav,
noise-free-sound-0538,0.5738125,./processed_data/RIRS_NOISES/pointsource_noises/noise-free-sound-0538.wav,wav,
noise-free-sound-0539,1.515125,./processed_data/RIRS_NOISES/pointsource_noises/noise-free-sound-0539.wav,wav,
noise-free-sound-0540,3.0040625,./processed_data/RIRS_NOISES/pointsource_noises/noise-free-sound-0540.wav,wav,
noise-free-sound-0541,16.37875,./processed_data/RIRS_NOISES/pointsource_noises/noise-free-sound-0541.wav,wav,
noise-free-sound-0542,8.224,./processed_data/RIRS_NOISES/pointsource_noises/noise-free-sound-0542.wav,wav,
noise-free-sound-0543,4.356,./processed_data/RIRS_NOISES/pointsource_noises/noise-free-sound-0543.wav,wav,
noise-free-sound-0544,107.064,./processed_data/RIRS_NOISES/pointsource_noises/noise-free-sound-0544.wav,wav,
noise-free-sound-0545,31.07325,./processed_data/RIRS_NOISES/pointsource_noises/noise-free-sound-0545.wav,wav,
noise-free-sound-0546,117.6240625,./processed_data/RIRS_NOISES/pointsource_noises/noise-free-sound-0546.wav,wav,
noise-free-sound-0547,4.848875,./processed_data/RIRS_NOISES/pointsource_noises/noise-free-sound-0547.wav,wav,
noise-free-sound-0548,8.2024375,./processed_data/RIRS_NOISES/pointsource_noises/noise-free-sound-0548.wav,wav,
noise-free-sound-0549,5.832,./processed_data/RIRS_NOISES/pointsource_noises/noise-free-sound-0549.wav,wav,
noise-free-sound-0550,6.373875,./processed_data/RIRS_NOISES/pointsource_noises/noise-free-sound-0550.wav,wav,
noise-free-sound-0551,33.18525,./processed_data/RIRS_NOISES/pointsource_noises/noise-free-sound-0551.wav,wav,
noise-free-sound-0552,77.736,./processed_data/RIRS_NOISES/pointsource_noises/noise-free-sound-0552.wav,wav,
noise-free-sound-0553,16.431,./processed_data/RIRS_NOISES/pointsource_noises/noise-free-sound-0553.wav,wav,
noise-free-sound-0554,0.7836875,./processed_data/RIRS_NOISES/pointsource_noises/noise-free-sound-0554.wav,wav,
noise-free-sound-0555,21.577125,./processed_data/RIRS_NOISES/pointsource_noises/noise-free-sound-0555.wav,wav,
noise-free-sound-0556,19.9053125,./processed_data/RIRS_NOISES/pointsource_noises/noise-free-sound-0556.wav,wav,
noise-free-sound-0557,9.11675,./processed_data/RIRS_NOISES/pointsource_noises/noise-free-sound-0557.wav,wav,
noise-free-sound-0558,8.38575,./processed_data/RIRS_NOISES/pointsource_noises/noise-free-sound-0558.wav,wav,
noise-free-sound-0559,14.204625,./processed_data/RIRS_NOISES/pointsource_noises/noise-free-sound-0559.wav,wav,
noise-free-sound-0560,269.544,./processed_data/RIRS_NOISES/pointsource_noises/noise-free-sound-0560.wav,wav,
noise-free-sound-0561,1.1755,./processed_data/RIRS_NOISES/pointsource_noises/noise-free-sound-0561.wav,wav,
noise-free-sound-0562,9.0645,./processed_data/RIRS_NOISES/pointsource_noises/noise-free-sound-0562.wav,wav,
noise-free-sound-0563,24.331875,./processed_data/RIRS_NOISES/pointsource_noises/noise-free-sound-0563.wav,wav,
noise-free-sound-0564,0.1035625,./processed_data/RIRS_NOISES/pointsource_noises/noise-free-sound-0564.wav,wav,
noise-free-sound-0565,7.429375,./processed_data/RIRS_NOISES/pointsource_noises/noise-free-sound-0565.wav,wav,
noise-free-sound-0566,6.1883125,./processed_data/RIRS_NOISES/pointsource_noises/noise-free-sound-0566.wav,wav,
noise-free-sound-0567,98.88,./processed_data/RIRS_NOISES/pointsource_noises/noise-free-sound-0567.wav,wav,
noise-free-sound-0568,113.6384375,./processed_data/RIRS_NOISES/pointsource_noises/noise-free-sound-0568.wav,wav,
noise-free-sound-0569,3.84,./processed_data/RIRS_NOISES/pointsource_noises/noise-free-sound-0569.wav,wav,
noise-free-sound-0570,6.373875,./processed_data/RIRS_NOISES/pointsource_noises/noise-free-sound-0570.wav,wav,
noise-free-sound-0571,7.1314375,./processed_data/RIRS_NOISES/pointsource_noises/noise-free-sound-0571.wav,wav,
noise-free-sound-0572,123.4285625,./processed_data/RIRS_NOISES/pointsource_noises/noise-free-sound-0572.wav,wav,
noise-free-sound-0573,0.391,./processed_data/RIRS_NOISES/pointsource_noises/noise-free-sound-0573.wav,wav,
noise-free-sound-0574,20.8456875,./processed_data/RIRS_NOISES/pointsource_noises/noise-free-sound-0574.wav,wav,
noise-free-sound-0575,6.635125,./processed_data/RIRS_NOISES/pointsource_noises/noise-free-sound-0575.wav,wav,
noise-free-sound-0576,3.732625,./processed_data/RIRS_NOISES/pointsource_noises/noise-free-sound-0576.wav,wav,
noise-free-sound-0577,13.4530625,./processed_data/RIRS_NOISES/pointsource_noises/noise-free-sound-0577.wav,wav,
noise-free-sound-0578,19.35675,./processed_data/RIRS_NOISES/pointsource_noises/noise-free-sound-0578.wav,wav,
noise-free-sound-0579,17.2660625,./processed_data/RIRS_NOISES/pointsource_noises/noise-free-sound-0579.wav,wav,
noise-free-sound-0580,135.68,./processed_data/RIRS_NOISES/pointsource_noises/noise-free-sound-0580.wav,wav,
noise-free-sound-0581,51.4863125,./processed_data/RIRS_NOISES/pointsource_noises/noise-free-sound-0581.wav,wav,
noise-free-sound-0582,1.4744375,./processed_data/RIRS_NOISES/pointsource_noises/noise-free-sound-0582.wav,wav,
noise-free-sound-0583,2.04375,./processed_data/RIRS_NOISES/pointsource_noises/noise-free-sound-0583.wav,wav,
noise-free-sound-0584,15.7739375,./processed_data/RIRS_NOISES/pointsource_noises/noise-free-sound-0584.wav,wav,
noise-free-sound-0585,0.9288125,./processed_data/RIRS_NOISES/pointsource_noises/noise-free-sound-0585.wav,wav,
noise-free-sound-0586,10.8333125,./processed_data/RIRS_NOISES/pointsource_noises/noise-free-sound-0586.wav,wav,
noise-free-sound-0587,6.1226875,./processed_data/RIRS_NOISES/pointsource_noises/noise-free-sound-0587.wav,wav,
noise-free-sound-0588,5.8026875,./processed_data/RIRS_NOISES/pointsource_noises/noise-free-sound-0588.wav,wav,
noise-free-sound-0589,2.2465,./processed_data/RIRS_NOISES/pointsource_noises/noise-free-sound-0589.wav,wav,
noise-free-sound-0590,3.78775,./processed_data/RIRS_NOISES/pointsource_noises/noise-free-sound-0590.wav,wav,
noise-free-sound-0591,12.256875,./processed_data/RIRS_NOISES/pointsource_noises/noise-free-sound-0591.wav,wav,
noise-free-sound-0592,32.875125,./processed_data/RIRS_NOISES/pointsource_noises/noise-free-sound-0592.wav,wav,
noise-free-sound-0593,61.649,./processed_data/RIRS_NOISES/pointsource_noises/noise-free-sound-0593.wav,wav,
noise-free-sound-0594,141.1773125,./processed_data/RIRS_NOISES/pointsource_noises/noise-free-sound-0594.wav,wav,
noise-free-sound-0595,26.898625,./processed_data/RIRS_NOISES/pointsource_noises/noise-free-sound-0595.wav,wav,
noise-free-sound-0596,13.33925,./processed_data/RIRS_NOISES/pointsource_noises/noise-free-sound-0596.wav,wav,
noise-free-sound-0597,6.24325,./processed_data/RIRS_NOISES/pointsource_noises/noise-free-sound-0597.wav,wav,
noise-free-sound-0598,57.920125,./processed_data/RIRS_NOISES/pointsource_noises/noise-free-sound-0598.wav,wav,
noise-free-sound-0599,3.84,./processed_data/RIRS_NOISES/pointsource_noises/noise-free-sound-0599.wav,wav,
noise-free-sound-0600,45.395,./processed_data/RIRS_NOISES/pointsource_noises/noise-free-sound-0600.wav,wav,
noise-free-sound-0601,4.239875,./processed_data/RIRS_NOISES/pointsource_noises/noise-free-sound-0601.wav,wav,
noise-free-sound-0602,4.125,./processed_data/RIRS_NOISES/pointsource_noises/noise-free-sound-0602.wav,wav,
noise-free-sound-0603,7.3740625,./processed_data/RIRS_NOISES/pointsource_noises/noise-free-sound-0603.wav,wav,
noise-free-sound-0604,7.358125,./processed_data/RIRS_NOISES/pointsource_noises/noise-free-sound-0604.wav,wav,
noise-free-sound-0605,32.0,./processed_data/RIRS_NOISES/pointsource_noises/noise-free-sound-0605.wav,wav,
noise-free-sound-0606,88.84,./processed_data/RIRS_NOISES/pointsource_noises/noise-free-sound-0606.wav,wav,
noise-free-sound-0607,20.0098125,./processed_data/RIRS_NOISES/pointsource_noises/noise-free-sound-0607.wav,wav,
noise-free-sound-0608,3.5265,./processed_data/RIRS_NOISES/pointsource_noises/noise-free-sound-0608.wav,wav,
noise-free-sound-0609,10.161625,./processed_data/RIRS_NOISES/pointsource_noises/noise-free-sound-0609.wav,wav,
noise-free-sound-0610,11.1804375,./processed_data/RIRS_NOISES/pointsource_noises/noise-free-sound-0610.wav,wav,
noise-free-sound-0611,0.127,./processed_data/RIRS_NOISES/pointsource_noises/noise-free-sound-0611.wav,wav,
noise-free-sound-0612,11.0498125,./processed_data/RIRS_NOISES/pointsource_noises/noise-free-sound-0612.wav,wav,
noise-free-sound-0613,28.5518125,./processed_data/RIRS_NOISES/pointsource_noises/noise-free-sound-0613.wav,wav,
noise-free-sound-0614,30.0,./processed_data/RIRS_NOISES/pointsource_noises/noise-free-sound-0614.wav,wav,
noise-free-sound-0615,10.082875,./processed_data/RIRS_NOISES/pointsource_noises/noise-free-sound-0615.wav,wav,
noise-free-sound-0616,22.6481875,./processed_data/RIRS_NOISES/pointsource_noises/noise-free-sound-0616.wav,wav,
noise-free-sound-0617,8.2026875,./processed_data/RIRS_NOISES/pointsource_noises/noise-free-sound-0617.wav,wav,
noise-free-sound-0618,3.0205625,./processed_data/RIRS_NOISES/pointsource_noises/noise-free-sound-0618.wav,wav,
noise-free-sound-0619,0.5454375,./processed_data/RIRS_NOISES/pointsource_noises/noise-free-sound-0619.wav,wav,
noise-free-sound-0620,11.5664375,./processed_data/RIRS_NOISES/pointsource_noises/noise-free-sound-0620.wav,wav,
noise-free-sound-0621,6.724375,./processed_data/RIRS_NOISES/pointsource_noises/noise-free-sound-0621.wav,wav,
noise-free-sound-0622,11.9901875,./processed_data/RIRS_NOISES/pointsource_noises/noise-free-sound-0622.wav,wav,
noise-free-sound-0623,34.9518125,./processed_data/RIRS_NOISES/pointsource_noises/noise-free-sound-0623.wav,wav,
noise-free-sound-0624,0.104,./processed_data/RIRS_NOISES/pointsource_noises/noise-free-sound-0624.wav,wav,
noise-free-sound-0625,20.8195625,./processed_data/RIRS_NOISES/pointsource_noises/noise-free-sound-0625.wav,wav,
noise-free-sound-0626,1.3235625,./processed_data/RIRS_NOISES/pointsource_noises/noise-free-sound-0626.wav,wav,
noise-free-sound-0627,0.3135,./processed_data/RIRS_NOISES/pointsource_noises/noise-free-sound-0627.wav,wav,
noise-free-sound-0628,29.0220625,./processed_data/RIRS_NOISES/pointsource_noises/noise-free-sound-0628.wav,wav,
noise-free-sound-0629,3.5,./processed_data/RIRS_NOISES/pointsource_noises/noise-free-sound-0629.wav,wav,
noise-free-sound-0630,3.1085625,./processed_data/RIRS_NOISES/pointsource_noises/noise-free-sound-0630.wav,wav,
noise-free-sound-0631,5.6,./processed_data/RIRS_NOISES/pointsource_noises/noise-free-sound-0631.wav,wav,
noise-free-sound-0632,2.568,./processed_data/RIRS_NOISES/pointsource_noises/noise-free-sound-0632.wav,wav,
noise-free-sound-0633,18.272625,./processed_data/RIRS_NOISES/pointsource_noises/noise-free-sound-0633.wav,wav,
noise-free-sound-0634,64.0,./processed_data/RIRS_NOISES/pointsource_noises/noise-free-sound-0634.wav,wav,
noise-free-sound-0635,16.876,./processed_data/RIRS_NOISES/pointsource_noises/noise-free-sound-0635.wav,wav,
noise-free-sound-0636,31.3991875,./processed_data/RIRS_NOISES/pointsource_noises/noise-free-sound-0636.wav,wav,
noise-free-sound-0637,14.6841875,./processed_data/RIRS_NOISES/pointsource_noises/noise-free-sound-0637.wav,wav,
noise-free-sound-0638,5.5926875,./processed_data/RIRS_NOISES/pointsource_noises/noise-free-sound-0638.wav,wav,
noise-free-sound-0639,6.20375,./processed_data/RIRS_NOISES/pointsource_noises/noise-free-sound-0639.wav,wav,
noise-free-sound-0640,32.7836875,./processed_data/RIRS_NOISES/pointsource_noises/noise-free-sound-0640.wav,wav,
noise-free-sound-0641,35.1346875,./processed_data/RIRS_NOISES/pointsource_noises/noise-free-sound-0641.wav,wav,
noise-free-sound-0642,4.4930625,./processed_data/RIRS_NOISES/pointsource_noises/noise-free-sound-0642.wav,wav,
noise-free-sound-0643,2.78425,./processed_data/RIRS_NOISES/pointsource_noises/noise-free-sound-0643.wav,wav,
noise-free-sound-0644,94.5981875,./processed_data/RIRS_NOISES/pointsource_noises/noise-free-sound-0644.wav,wav,
noise-free-sound-0645,1.7240625,./processed_data/RIRS_NOISES/pointsource_noises/noise-free-sound-0645.wav,wav,
noise-free-sound-0646,35.813,./processed_data/RIRS_NOISES/pointsource_noises/noise-free-sound-0646.wav,wav,
noise-free-sound-0647,60.103375,./processed_data/RIRS_NOISES/pointsource_noises/noise-free-sound-0647.wav,wav,
noise-free-sound-0648,12.288,./processed_data/RIRS_NOISES/pointsource_noises/noise-free-sound-0648.wav,wav,
noise-free-sound-0649,50.4279375,./processed_data/RIRS_NOISES/pointsource_noises/noise-free-sound-0649.wav,wav,
noise-free-sound-0650,16.236,./processed_data/RIRS_NOISES/pointsource_noises/noise-free-sound-0650.wav,wav,
noise-free-sound-0651,65.2095,./processed_data/RIRS_NOISES/pointsource_noises/noise-free-sound-0651.wav,wav,
noise-free-sound-0652,5.69925,./processed_data/RIRS_NOISES/pointsource_noises/noise-free-sound-0652.wav,wav,
noise-free-sound-0653,29.125,./processed_data/RIRS_NOISES/pointsource_noises/noise-free-sound-0653.wav,wav,
noise-free-sound-0654,5.9820625,./processed_data/RIRS_NOISES/pointsource_noises/noise-free-sound-0654.wav,wav,
noise-free-sound-0655,21.34,./processed_data/RIRS_NOISES/pointsource_noises/noise-free-sound-0655.wav,wav,
noise-free-sound-0656,4.884875,./processed_data/RIRS_NOISES/pointsource_noises/noise-free-sound-0656.wav,wav,
noise-free-sound-0657,9.6670625,./processed_data/RIRS_NOISES/pointsource_noises/noise-free-sound-0657.wav,wav,
noise-free-sound-0658,19.0,./processed_data/RIRS_NOISES/pointsource_noises/noise-free-sound-0658.wav,wav,
noise-free-sound-0659,11.1241875,./processed_data/RIRS_NOISES/pointsource_noises/noise-free-sound-0659.wav,wav,
noise-free-sound-0660,41.8373125,./processed_data/RIRS_NOISES/pointsource_noises/noise-free-sound-0660.wav,wav,
noise-free-sound-0661,35.5150625,./processed_data/RIRS_NOISES/pointsource_noises/noise-free-sound-0661.wav,wav,
noise-free-sound-0662,1.410625,./processed_data/RIRS_NOISES/pointsource_noises/noise-free-sound-0662.wav,wav,
noise-free-sound-0663,29.3544375,./processed_data/RIRS_NOISES/pointsource_noises/noise-free-sound-0663.wav,wav,
noise-free-sound-0664,15.647375,./processed_data/RIRS_NOISES/pointsource_noises/noise-free-sound-0664.wav,wav,
noise-free-sound-0665,17.2669375,./processed_data/RIRS_NOISES/pointsource_noises/noise-free-sound-0665.wav,wav,
noise-free-sound-0666,13.685625,./processed_data/RIRS_NOISES/pointsource_noises/noise-free-sound-0666.wav,wav,
noise-free-sound-0667,13.7598125,./processed_data/RIRS_NOISES/pointsource_noises/noise-free-sound-0667.wav,wav,
noise-free-sound-0668,4.022875,./processed_data/RIRS_NOISES/pointsource_noises/noise-free-sound-0668.wav,wav,
noise-free-sound-0669,4.022875,./processed_data/RIRS_NOISES/pointsource_noises/noise-free-sound-0669.wav,wav,
noise-free-sound-0670,4.7600625,./processed_data/RIRS_NOISES/pointsource_noises/noise-free-sound-0670.wav,wav,
noise-free-sound-0671,70.191,./processed_data/RIRS_NOISES/pointsource_noises/noise-free-sound-0671.wav,wav,
noise-free-sound-0672,6.2955,./processed_data/RIRS_NOISES/pointsource_noises/noise-free-sound-0672.wav,wav,
noise-free-sound-0673,3.8298125,./processed_data/RIRS_NOISES/pointsource_noises/noise-free-sound-0673.wav,wav,
noise-free-sound-0674,31.131875,./processed_data/RIRS_NOISES/pointsource_noises/noise-free-sound-0674.wav,wav,
noise-free-sound-0675,8.7690625,./processed_data/RIRS_NOISES/pointsource_noises/noise-free-sound-0675.wav,wav,
noise-free-sound-0676,2.1630625,./processed_data/RIRS_NOISES/pointsource_noises/noise-free-sound-0676.wav,wav,
noise-free-sound-0677,107.76,./processed_data/RIRS_NOISES/pointsource_noises/noise-free-sound-0677.wav,wav,
noise-free-sound-0678,2.0636875,./processed_data/RIRS_NOISES/pointsource_noises/noise-free-sound-0678.wav,wav,
noise-free-sound-0679,22.0,./processed_data/RIRS_NOISES/pointsource_noises/noise-free-sound-0679.wav,wav,
noise-free-sound-0680,14.568,./processed_data/RIRS_NOISES/pointsource_noises/noise-free-sound-0680.wav,wav,
noise-free-sound-0681,96.7053125,./processed_data/RIRS_NOISES/pointsource_noises/noise-free-sound-0681.wav,wav,
noise-free-sound-0682,18.18125,./processed_data/RIRS_NOISES/pointsource_noises/noise-free-sound-0682.wav,wav,
noise-free-sound-0683,27.616,./processed_data/RIRS_NOISES/pointsource_noises/noise-free-sound-0683.wav,wav,
noise-free-sound-0684,139.00625,./processed_data/RIRS_NOISES/pointsource_noises/noise-free-sound-0684.wav,wav,
noise-free-sound-0685,43.8785625,./processed_data/RIRS_NOISES/pointsource_noises/noise-free-sound-0685.wav,wav,
noise-free-sound-0686,15.6038125,./processed_data/RIRS_NOISES/pointsource_noises/noise-free-sound-0686.wav,wav,
noise-free-sound-0687,20.8020625,./processed_data/RIRS_NOISES/pointsource_noises/noise-free-sound-0687.wav,wav,
noise-free-sound-0688,19.25225,./processed_data/RIRS_NOISES/pointsource_noises/noise-free-sound-0688.wav,wav,
noise-free-sound-0689,1.05,./processed_data/RIRS_NOISES/pointsource_noises/noise-free-sound-0689.wav,wav,
noise-free-sound-0690,5.2053125,./processed_data/RIRS_NOISES/pointsource_noises/noise-free-sound-0690.wav,wav,
noise-free-sound-0691,10.0693125,./processed_data/RIRS_NOISES/pointsource_noises/noise-free-sound-0691.wav,wav,
noise-free-sound-0692,0.927875,./processed_data/RIRS_NOISES/pointsource_noises/noise-free-sound-0692.wav,wav,
noise-free-sound-0693,1.410625,./processed_data/RIRS_NOISES/pointsource_noises/noise-free-sound-0693.wav,wav,
noise-free-sound-0694,19.8465,./processed_data/RIRS_NOISES/pointsource_noises/noise-free-sound-0694.wav,wav,
noise-free-sound-0695,9.4238125,./processed_data/RIRS_NOISES/pointsource_noises/noise-free-sound-0695.wav,wav,
noise-free-sound-0696,29.570625,./processed_data/RIRS_NOISES/pointsource_noises/noise-free-sound-0696.wav,wav,
noise-free-sound-0697,6.112625,./processed_data/RIRS_NOISES/pointsource_noises/noise-free-sound-0697.wav,wav,
noise-free-sound-0698,76.168875,./processed_data/RIRS_NOISES/pointsource_noises/noise-free-sound-0698.wav,wav,
noise-free-sound-0699,119.5101875,./processed_data/RIRS_NOISES/pointsource_noises/noise-free-sound-0699.wav,wav,
noise-free-sound-0700,41.04,./processed_data/RIRS_NOISES/pointsource_noises/noise-free-sound-0700.wav,wav,
noise-free-sound-0701,6.057625,./processed_data/RIRS_NOISES/pointsource_noises/noise-free-sound-0701.wav,wav,
noise-free-sound-0702,21.81225,./processed_data/RIRS_NOISES/pointsource_noises/noise-free-sound-0702.wav,wav,
noise-free-sound-0703,8.1930625,./processed_data/RIRS_NOISES/pointsource_noises/noise-free-sound-0703.wav,wav,
noise-free-sound-0704,20.16,./processed_data/RIRS_NOISES/pointsource_noises/noise-free-sound-0704.wav,wav,
noise-free-sound-0705,11.3306875,./processed_data/RIRS_NOISES/pointsource_noises/noise-free-sound-0705.wav,wav,
noise-free-sound-0706,28.290625,./processed_data/RIRS_NOISES/pointsource_noises/noise-free-sound-0706.wav,wav,
noise-free-sound-0707,40.0718125,./processed_data/RIRS_NOISES/pointsource_noises/noise-free-sound-0707.wav,wav,
noise-free-sound-0708,63.0595625,./processed_data/RIRS_NOISES/pointsource_noises/noise-free-sound-0708.wav,wav,
noise-free-sound-0709,31.85775,./processed_data/RIRS_NOISES/pointsource_noises/noise-free-sound-0709.wav,wav,
noise-free-sound-0710,45.7404375,./processed_data/RIRS_NOISES/pointsource_noises/noise-free-sound-0710.wav,wav,
noise-free-sound-0711,0.3926875,./processed_data/RIRS_NOISES/pointsource_noises/noise-free-sound-0711.wav,wav,
noise-free-sound-0712,2.847375,./processed_data/RIRS_NOISES/pointsource_noises/noise-free-sound-0712.wav,wav,
noise-free-sound-0713,1.6979375,./processed_data/RIRS_NOISES/pointsource_noises/noise-free-sound-0713.wav,wav,
noise-free-sound-0714,1.12325,./processed_data/RIRS_NOISES/pointsource_noises/noise-free-sound-0714.wav,wav,
noise-free-sound-0715,60.0555,./processed_data/RIRS_NOISES/pointsource_noises/noise-free-sound-0715.wav,wav,
noise-free-sound-0716,0.624,./processed_data/RIRS_NOISES/pointsource_noises/noise-free-sound-0716.wav,wav,
noise-free-sound-0717,5.9820625,./processed_data/RIRS_NOISES/pointsource_noises/noise-free-sound-0717.wav,wav,
noise-free-sound-0718,13.035125,./processed_data/RIRS_NOISES/pointsource_noises/noise-free-sound-0718.wav,wav,
noise-free-sound-0719,7.0008125,./processed_data/RIRS_NOISES/pointsource_noises/noise-free-sound-0719.wav,wav,
noise-free-sound-0720,10.7363125,./processed_data/RIRS_NOISES/pointsource_noises/noise-free-sound-0720.wav,wav,
noise-free-sound-0721,9.03,./processed_data/RIRS_NOISES/pointsource_noises/noise-free-sound-0721.wav,wav,
noise-free-sound-0722,7.77,./processed_data/RIRS_NOISES/pointsource_noises/noise-free-sound-0722.wav,wav,
noise-free-sound-0723,89.721875,./processed_data/RIRS_NOISES/pointsource_noises/noise-free-sound-0723.wav,wav,
noise-free-sound-0724,0.9109375,./processed_data/RIRS_NOISES/pointsource_noises/noise-free-sound-0724.wav,wav,
noise-free-sound-0725,33.2295625,./processed_data/RIRS_NOISES/pointsource_noises/noise-free-sound-0725.wav,wav,
noise-free-sound-0726,120.0138125,./processed_data/RIRS_NOISES/pointsource_noises/noise-free-sound-0726.wav,wav,
noise-free-sound-0727,29.022,./processed_data/RIRS_NOISES/pointsource_noises/noise-free-sound-0727.wav,wav,
noise-free-sound-0728,123.84,./processed_data/RIRS_NOISES/pointsource_noises/noise-free-sound-0728.wav,wav,
noise-free-sound-0729,187.14125,./processed_data/RIRS_NOISES/pointsource_noises/noise-free-sound-0729.wav,wav,
noise-free-sound-0730,1.489,./processed_data/RIRS_NOISES/pointsource_noises/noise-free-sound-0730.wav,wav,
noise-free-sound-0731,1.43675,./processed_data/RIRS_NOISES/pointsource_noises/noise-free-sound-0731.wav,wav,
noise-free-sound-0732,31.73875,./processed_data/RIRS_NOISES/pointsource_noises/noise-free-sound-0732.wav,wav,
noise-free-sound-0733,31.94775,./processed_data/RIRS_NOISES/pointsource_noises/noise-free-sound-0733.wav,wav,
noise-free-sound-0734,21.1591875,./processed_data/RIRS_NOISES/pointsource_noises/noise-free-sound-0734.wav,wav,
noise-free-sound-0735,21.81225,./processed_data/RIRS_NOISES/pointsource_noises/noise-free-sound-0735.wav,wav,
noise-free-sound-0736,0.9194375,./processed_data/RIRS_NOISES/pointsource_noises/noise-free-sound-0736.wav,wav,
noise-free-sound-0737,4.8469375,./processed_data/RIRS_NOISES/pointsource_noises/noise-free-sound-0737.wav,wav,
noise-free-sound-0738,27.89875,./processed_data/RIRS_NOISES/pointsource_noises/noise-free-sound-0738.wav,wav,
noise-free-sound-0739,19.224,./processed_data/RIRS_NOISES/pointsource_noises/noise-free-sound-0739.wav,wav,
noise-free-sound-0740,64.0714375,./processed_data/RIRS_NOISES/pointsource_noises/noise-free-sound-0740.wav,wav,
noise-free-sound-0741,18.696,./processed_data/RIRS_NOISES/pointsource_noises/noise-free-sound-0741.wav,wav,
noise-free-sound-0742,22.5436875,./processed_data/RIRS_NOISES/pointsource_noises/noise-free-sound-0742.wav,wav,
noise-free-sound-0743,43.9640625,./processed_data/RIRS_NOISES/pointsource_noises/noise-free-sound-0743.wav,wav,
noise-free-sound-0744,1.044875,./processed_data/RIRS_NOISES/pointsource_noises/noise-free-sound-0744.wav,wav,
noise-free-sound-0745,4.7333125,./processed_data/RIRS_NOISES/pointsource_noises/noise-free-sound-0745.wav,wav,
noise-free-sound-0746,0.227,./processed_data/RIRS_NOISES/pointsource_noises/noise-free-sound-0746.wav,wav,
noise-free-sound-0747,17.4236875,./processed_data/RIRS_NOISES/pointsource_noises/noise-free-sound-0747.wav,wav,
noise-free-sound-0748,5.64,./processed_data/RIRS_NOISES/pointsource_noises/noise-free-sound-0748.wav,wav,
noise-free-sound-0749,1.0,./processed_data/RIRS_NOISES/pointsource_noises/noise-free-sound-0749.wav,wav,
noise-free-sound-0750,5.4595625,./processed_data/RIRS_NOISES/pointsource_noises/noise-free-sound-0750.wav,wav,
noise-free-sound-0751,1.446375,./processed_data/RIRS_NOISES/pointsource_noises/noise-free-sound-0751.wav,wav,
noise-free-sound-0752,33.6083125,./processed_data/RIRS_NOISES/pointsource_noises/noise-free-sound-0752.wav,wav,
noise-free-sound-0753,24.696,./processed_data/RIRS_NOISES/pointsource_noises/noise-free-sound-0753.wav,wav,
noise-free-sound-0754,80.72325,./processed_data/RIRS_NOISES/pointsource_noises/noise-free-sound-0754.wav,wav,
noise-free-sound-0755,14.4195625,./processed_data/RIRS_NOISES/pointsource_noises/noise-free-sound-0755.wav,wav,
noise-free-sound-0756,4.15875,./processed_data/RIRS_NOISES/pointsource_noises/noise-free-sound-0756.wav,wav,
noise-free-sound-0757,13.7665,./processed_data/RIRS_NOISES/pointsource_noises/noise-free-sound-0757.wav,wav,
noise-free-sound-0758,12.644375,./processed_data/RIRS_NOISES/pointsource_noises/noise-free-sound-0758.wav,wav,
noise-free-sound-0759,2.731375,./processed_data/RIRS_NOISES/pointsource_noises/noise-free-sound-0759.wav,wav,
noise-free-sound-0760,0.6233125,./processed_data/RIRS_NOISES/pointsource_noises/noise-free-sound-0760.wav,wav,
noise-free-sound-0761,32.3990625,./processed_data/RIRS_NOISES/pointsource_noises/noise-free-sound-0761.wav,wav,
noise-free-sound-0762,12.8,./processed_data/RIRS_NOISES/pointsource_noises/noise-free-sound-0762.wav,wav,
noise-free-sound-0763,20.491625,./processed_data/RIRS_NOISES/pointsource_noises/noise-free-sound-0763.wav,wav,
noise-free-sound-0764,0.0645625,./processed_data/RIRS_NOISES/pointsource_noises/noise-free-sound-0764.wav,wav,
noise-free-sound-0765,0.20275,./processed_data/RIRS_NOISES/pointsource_noises/noise-free-sound-0765.wav,wav,
noise-free-sound-0766,0.026125,./processed_data/RIRS_NOISES/pointsource_noises/noise-free-sound-0766.wav,wav,
noise-free-sound-0767,29.6385625,./processed_data/RIRS_NOISES/pointsource_noises/noise-free-sound-0767.wav,wav,
noise-free-sound-0768,0.4229375,./processed_data/RIRS_NOISES/pointsource_noises/noise-free-sound-0768.wav,wav,
noise-free-sound-0769,25.761625,./processed_data/RIRS_NOISES/pointsource_noises/noise-free-sound-0769.wav,wav,
noise-free-sound-0770,55.5624375,./processed_data/RIRS_NOISES/pointsource_noises/noise-free-sound-0770.wav,wav,
noise-free-sound-0771,3.1579375,./processed_data/RIRS_NOISES/pointsource_noises/noise-free-sound-0771.wav,wav,
noise-free-sound-0772,4.6535625,./processed_data/RIRS_NOISES/pointsource_noises/noise-free-sound-0772.wav,wav,
noise-free-sound-0773,9.045375,./processed_data/RIRS_NOISES/pointsource_noises/noise-free-sound-0773.wav,wav,
noise-free-sound-0774,3.1471875,./processed_data/RIRS_NOISES/pointsource_noises/noise-free-sound-0774.wav,wav,
noise-free-sound-0775,29.5101875,./processed_data/RIRS_NOISES/pointsource_noises/noise-free-sound-0775.wav,wav,
noise-free-sound-0776,15.661875,./processed_data/RIRS_NOISES/pointsource_noises/noise-free-sound-0776.wav,wav,
noise-free-sound-0777,6.9224375,./processed_data/RIRS_NOISES/pointsource_noises/noise-free-sound-0777.wav,wav,
noise-free-sound-0778,18.2613125,./processed_data/RIRS_NOISES/pointsource_noises/noise-free-sound-0778.wav,wav,
noise-free-sound-0779,12.512625,./processed_data/RIRS_NOISES/pointsource_noises/noise-free-sound-0779.wav,wav,
noise-free-sound-0780,30.2759375,./processed_data/RIRS_NOISES/pointsource_noises/noise-free-sound-0780.wav,wav,
noise-free-sound-0781,60.7200625,./processed_data/RIRS_NOISES/pointsource_noises/noise-free-sound-0781.wav,wav,
noise-free-sound-0782,9.8986875,./processed_data/RIRS_NOISES/pointsource_noises/noise-free-sound-0782.wav,wav,
noise-free-sound-0783,8.614625,./processed_data/RIRS_NOISES/pointsource_noises/noise-free-sound-0783.wav,wav,
noise-free-sound-0784,35.8040625,./processed_data/RIRS_NOISES/pointsource_noises/noise-free-sound-0784.wav,wav,
noise-free-sound-0785,26.919875,./processed_data/RIRS_NOISES/pointsource_noises/noise-free-sound-0785.wav,wav,
noise-free-sound-0786,19.8,./processed_data/RIRS_NOISES/pointsource_noises/noise-free-sound-0786.wav,wav,
noise-free-sound-0787,34.9853125,./processed_data/RIRS_NOISES/pointsource_noises/noise-free-sound-0787.wav,wav,
noise-free-sound-0788,34.8718125,./processed_data/RIRS_NOISES/pointsource_noises/noise-free-sound-0788.wav,wav,
noise-free-sound-0789,8.8515,./processed_data/RIRS_NOISES/pointsource_noises/noise-free-sound-0789.wav,wav,
noise-free-sound-0790,16.138125,./processed_data/RIRS_NOISES/pointsource_noises/noise-free-sound-0790.wav,wav,
noise-free-sound-0791,9.0,./processed_data/RIRS_NOISES/pointsource_noises/noise-free-sound-0791.wav,wav,
noise-free-sound-0792,41.5869375,./processed_data/RIRS_NOISES/pointsource_noises/noise-free-sound-0792.wav,wav,
noise-free-sound-0793,9.4301875,./processed_data/RIRS_NOISES/pointsource_noises/noise-free-sound-0793.wav,wav,
noise-free-sound-0794,4.434125,./processed_data/RIRS_NOISES/pointsource_noises/noise-free-sound-0794.wav,wav,
noise-free-sound-0795,45.814125,./processed_data/RIRS_NOISES/pointsource_noises/noise-free-sound-0795.wav,wav,
noise-free-sound-0796,10.24,./processed_data/RIRS_NOISES/pointsource_noises/noise-free-sound-0796.wav,wav,
noise-free-sound-0797,16.384,./processed_data/RIRS_NOISES/pointsource_noises/noise-free-sound-0797.wav,wav,
noise-free-sound-0798,12.9706875,./processed_data/RIRS_NOISES/pointsource_noises/noise-free-sound-0798.wav,wav,
noise-free-sound-0799,5.6319375,./processed_data/RIRS_NOISES/pointsource_noises/noise-free-sound-0799.wav,wav,
noise-free-sound-0800,9.6,./processed_data/RIRS_NOISES/pointsource_noises/noise-free-sound-0800.wav,wav,
noise-free-sound-0801,6.01075,./processed_data/RIRS_NOISES/pointsource_noises/noise-free-sound-0801.wav,wav,
noise-free-sound-0802,5.1245,./processed_data/RIRS_NOISES/pointsource_noises/noise-free-sound-0802.wav,wav,
noise-free-sound-0803,14.02775,./processed_data/RIRS_NOISES/pointsource_noises/noise-free-sound-0803.wav,wav,
noise-free-sound-0804,59.6985,./processed_data/RIRS_NOISES/pointsource_noises/noise-free-sound-0804.wav,wav,
noise-free-sound-0805,15.16,./processed_data/RIRS_NOISES/pointsource_noises/noise-free-sound-0805.wav,wav,
noise-free-sound-0806,11.78125,./processed_data/RIRS_NOISES/pointsource_noises/noise-free-sound-0806.wav,wav,
noise-free-sound-0807,4.10125,./processed_data/RIRS_NOISES/pointsource_noises/noise-free-sound-0807.wav,wav,
noise-free-sound-0808,1.6979375,./processed_data/RIRS_NOISES/pointsource_noises/noise-free-sound-0808.wav,wav,
noise-free-sound-0809,25.1298125,./processed_data/RIRS_NOISES/pointsource_noises/noise-free-sound-0809.wav,wav,
noise-free-sound-0810,4.008375,./processed_data/RIRS_NOISES/pointsource_noises/noise-free-sound-0810.wav,wav,
noise-free-sound-0811,7.9760625,./processed_data/RIRS_NOISES/pointsource_noises/noise-free-sound-0811.wav,wav,
noise-free-sound-0812,12.198,./processed_data/RIRS_NOISES/pointsource_noises/noise-free-sound-0812.wav,wav,
noise-free-sound-0813,78.8018125,./processed_data/RIRS_NOISES/pointsource_noises/noise-free-sound-0813.wav,wav,
noise-free-sound-0814,15.661625,./processed_data/RIRS_NOISES/pointsource_noises/noise-free-sound-0814.wav,wav,
noise-free-sound-0815,2.4718125,./processed_data/RIRS_NOISES/pointsource_noises/noise-free-sound-0815.wav,wav,
noise-free-sound-0816,1.324625,./processed_data/RIRS_NOISES/pointsource_noises/noise-free-sound-0816.wav,wav,
noise-free-sound-0817,1.6123125,./processed_data/RIRS_NOISES/pointsource_noises/noise-free-sound-0817.wav,wav,
noise-free-sound-0818,57.678375,./processed_data/RIRS_NOISES/pointsource_noises/noise-free-sound-0818.wav,wav,
noise-free-sound-0819,109.9043125,./processed_data/RIRS_NOISES/pointsource_noises/noise-free-sound-0819.wav,wav,
noise-free-sound-0820,18.450875,./processed_data/RIRS_NOISES/pointsource_noises/noise-free-sound-0820.wav,wav,
noise-free-sound-0821,3.3436875,./processed_data/RIRS_NOISES/pointsource_noises/noise-free-sound-0821.wav,wav,
noise-free-sound-0822,4.989375,./processed_data/RIRS_NOISES/pointsource_noises/noise-free-sound-0822.wav,wav,
noise-free-sound-0823,2.749125,./processed_data/RIRS_NOISES/pointsource_noises/noise-free-sound-0823.wav,wav,
noise-free-sound-0824,33.12325,./processed_data/RIRS_NOISES/pointsource_noises/noise-free-sound-0824.wav,wav,
noise-free-sound-0825,2.6735625,./processed_data/RIRS_NOISES/pointsource_noises/noise-free-sound-0825.wav,wav,
noise-free-sound-0826,11.18175,./processed_data/RIRS_NOISES/pointsource_noises/noise-free-sound-0826.wav,wav,
noise-free-sound-0827,0.548,./processed_data/RIRS_NOISES/pointsource_noises/noise-free-sound-0827.wav,wav,
noise-free-sound-0828,60.081625,./processed_data/RIRS_NOISES/pointsource_noises/noise-free-sound-0828.wav,wav,
noise-free-sound-0829,6.7504375,./processed_data/RIRS_NOISES/pointsource_noises/noise-free-sound-0829.wav,wav,
noise-free-sound-0830,0.9581875,./processed_data/RIRS_NOISES/pointsource_noises/noise-free-sound-0830.wav,wav,
noise-free-sound-0831,11.441625,./processed_data/RIRS_NOISES/pointsource_noises/noise-free-sound-0831.wav,wav,
noise-free-sound-0832,14.9420625,./processed_data/RIRS_NOISES/pointsource_noises/noise-free-sound-0832.wav,wav,
noise-free-sound-0833,4.97375,./processed_data/RIRS_NOISES/pointsource_noises/noise-free-sound-0833.wav,wav,
noise-free-sound-0834,17.0666875,./processed_data/RIRS_NOISES/pointsource_noises/noise-free-sound-0834.wav,wav,
noise-free-sound-0835,5.0515625,./processed_data/RIRS_NOISES/pointsource_noises/noise-free-sound-0835.wav,wav,
noise-free-sound-0836,64.896,./processed_data/RIRS_NOISES/pointsource_noises/noise-free-sound-0836.wav,wav,
noise-free-sound-0837,13.6533125,./processed_data/RIRS_NOISES/pointsource_noises/noise-free-sound-0837.wav,wav,
noise-free-sound-0838,1.0029375,./processed_data/RIRS_NOISES/pointsource_noises/noise-free-sound-0838.wav,wav,
noise-free-sound-0839,2.1420625,./processed_data/RIRS_NOISES/pointsource_noises/noise-free-sound-0839.wav,wav,
noise-free-sound-0840,70.191,./processed_data/RIRS_NOISES/pointsource_noises/noise-free-sound-0840.wav,wav,
noise-free-sound-0841,90.0,./processed_data/RIRS_NOISES/pointsource_noises/noise-free-sound-0841.wav,wav,
noise-free-sound-0842,300.0,./processed_data/RIRS_NOISES/pointsource_noises/noise-free-sound-0842.wav,wav,
